On Time,Off Time,Running Duration,Off Duration
2020-12-23 16:51:34+00:00,2020-12-23 16:58:36+00:00,0:07:02,0:29:53
2020-12-23 17:28:29+00:00,2020-12-23 17:35:54+00:00,0:07:25,0:29:59
2020-12-23 18:05:53+00:00,2020-12-23 18:13:03+00:00,0:07:10,0:29:23
2020-12-23 18:42:26+00:00,2020-12-23 18:49:40+00:00,0:07:14,0:30:00
2020-12-23 19:19:40+00:00,2020-12-23 19:26:33+00:00,0:06:53,0:30:10
2020-12-23 19:56:43+00:00,2020-12-23 20:06:28+00:00,0:09:45,0:16:40
2020-12-23 20:23:08+00:00,2020-12-23 20:31:19+00:00,0:08:11,0:17:44
2020-12-23 20:49:03+00:00,2020-12-23 20:56:29+00:00,0:07:26,0:18:39
2020-12-23 21:15:08+00:00,2020-12-23 21:22:24+00:00,0:07:16,0:19:58
2020-12-23 21:42:22+00:00,2020-12-23 21:49:21+00:00,0:06:59,0:20:46
2020-12-23 22:10:07+00:00,2020-12-23 22:17:04+00:00,0:06:57,0:20:57
2020-12-23 22:38:01+00:00,2020-12-23 22:45:08+00:00,0:07:07,0:21:46
2020-12-23 23:06:54+00:00,2020-12-23 23:14:27+00:00,0:07:33,0:22:24
2020-12-23 23:36:51+00:00,2020-12-23 23:44:07+00:00,0:07:16,0:23:30
2020-12-24 00:07:37+00:00,2020-12-24 00:14:59+00:00,0:07:22,0:23:38
2020-12-24 00:38:37+00:00,2020-12-24 00:45:36+00:00,0:06:59,0:23:31
2020-12-24 01:09:07+00:00,2020-12-24 01:16:02+00:00,0:06:55,0:23:06
2020-12-24 01:39:08+00:00,2020-12-24 01:46:26+00:00,0:07:18,0:23:00
2020-12-24 02:09:26+00:00,2020-12-24 02:16:24+00:00,0:06:58,0:23:42
2020-12-24 02:40:06+00:00,2020-12-24 02:46:59+00:00,0:06:53,0:23:54
2020-12-24 03:10:53+00:00,2020-12-24 03:18:11+00:00,0:07:18,0:23:38
2020-12-24 03:41:49+00:00,2020-12-24 03:48:26+00:00,0:06:37,0:23:26
2020-12-24 04:11:52+00:00,2020-12-24 04:18:43+00:00,0:06:51,0:23:56
2020-12-24 04:42:39+00:00,2020-12-24 04:49:47+00:00,0:07:08,0:24:25
2020-12-24 05:14:12+00:00,2020-12-24 05:21:09+00:00,0:06:57,0:24:57
2020-12-24 05:46:06+00:00,2020-12-24 05:52:50+00:00,0:06:44,0:25:25
2020-12-24 06:18:15+00:00,2020-12-24 06:24:56+00:00,0:06:41,0:25:46
2020-12-24 06:50:42+00:00,2020-12-24 06:57:31+00:00,0:06:49,0:26:26
2020-12-24 07:23:57+00:00,2020-12-24 07:30:44+00:00,0:06:47,0:26:28
2020-12-24 07:57:12+00:00,2020-12-24 08:03:58+00:00,0:06:46,0:25:56
2020-12-24 08:29:54+00:00,2020-12-24 08:36:28+00:00,0:06:34,0:26:35
2020-12-24 09:03:03+00:00,2020-12-24 09:09:40+00:00,0:06:37,0:25:35
2020-12-24 09:35:15+00:00,2020-12-24 09:42:00+00:00,0:06:45,0:25:34
2020-12-24 10:07:34+00:00,2020-12-24 10:14:20+00:00,0:06:46,0:25:42
2020-12-24 10:40:02+00:00,2020-12-24 10:46:42+00:00,0:06:40,0:26:12
2020-12-24 11:12:54+00:00,2020-12-24 11:19:47+00:00,0:06:53,0:23:29
2020-12-24 11:43:16+00:00,2020-12-24 11:50:12+00:00,0:06:56,0:25:59
2020-12-24 12:16:11+00:00,2020-12-24 12:22:55+00:00,0:06:44,0:24:28
2020-12-24 12:47:23+00:00,2020-12-24 12:54:03+00:00,0:06:40,0:26:17
2020-12-24 13:20:20+00:00,2020-12-24 13:27:30+00:00,0:07:10,0:25:59
2020-12-24 13:53:29+00:00,2020-12-24 14:00:11+00:00,0:06:42,0:26:10
2020-12-24 14:26:21+00:00,2020-12-24 14:32:54+00:00,0:06:33,0:25:30
2020-12-24 14:58:24+00:00,2020-12-24 15:05:12+00:00,0:06:48,0:25:32
2020-12-24 15:30:44+00:00,2020-12-24 15:37:42+00:00,0:06:58,0:25:41
2020-12-24 16:03:23+00:00,2020-12-24 16:09:53+00:00,0:06:30,0:26:26
2020-12-24 16:36:19+00:00,2020-12-24 16:42:53+00:00,0:06:34,0:26:55
2020-12-24 17:09:48+00:00,2020-12-24 17:16:51+00:00,0:07:03,0:25:44
2020-12-24 17:42:35+00:00,2020-12-24 17:49:48+00:00,0:07:13,0:27:27
2020-12-24 18:17:15+00:00,2020-12-24 18:24:35+00:00,0:07:20,0:27:43
2020-12-24 18:52:18+00:00,2020-12-24 18:59:15+00:00,0:06:57,0:28:07
2020-12-24 19:27:22+00:00,2020-12-24 19:34:04+00:00,0:06:42,0:28:37
2020-12-24 20:02:41+00:00,2020-12-24 20:09:38+00:00,0:06:57,0:28:36
2020-12-24 20:38:14+00:00,2020-12-24 20:45:06+00:00,0:06:52,0:28:55
2020-12-24 21:14:01+00:00,2020-12-24 21:20:33+00:00,0:06:32,0:28:24
2020-12-24 21:48:57+00:00,2020-12-24 21:55:29+00:00,0:06:32,0:28:05
2020-12-24 22:23:34+00:00,2020-12-24 22:30:04+00:00,0:06:30,0:28:15
2020-12-24 22:58:19+00:00,2020-12-24 23:05:01+00:00,0:06:42,0:28:37
2020-12-24 23:33:38+00:00,2020-12-24 23:40:37+00:00,0:06:59,0:28:34
2020-12-25 00:09:11+00:00,2020-12-25 00:16:18+00:00,0:07:07,0:29:18
2020-12-25 00:45:36+00:00,2020-12-25 00:52:54+00:00,0:07:18,0:29:33
2020-12-25 01:22:27+00:00,2020-12-25 01:29:15+00:00,0:06:48,0:30:13
2020-12-25 01:59:28+00:00,2020-12-25 02:06:28+00:00,0:07:00,0:30:44
2020-12-25 02:37:12+00:00,2020-12-25 02:44:36+00:00,0:07:24,0:31:00
2020-12-25 03:15:36+00:00,2020-12-25 03:22:53+00:00,0:07:17,0:30:48
2020-12-25 03:53:41+00:00,2020-12-25 04:00:30+00:00,0:06:49,0:30:55
2020-12-25 04:31:25+00:00,2020-12-25 04:38:11+00:00,0:06:46,0:31:15
2020-12-25 05:09:26+00:00,2020-12-25 05:16:14+00:00,0:06:48,0:31:26
2020-12-25 05:47:40+00:00,2020-12-25 05:54:44+00:00,0:07:04,0:31:27
2020-12-25 06:26:11+00:00,2020-12-25 06:33:21+00:00,0:07:10,0:31:11
2020-12-25 07:04:32+00:00,2020-12-25 07:11:11+00:00,0:06:39,0:30:48
2020-12-25 07:41:59+00:00,2020-12-25 07:49:23+00:00,0:07:24,0:30:41
2020-12-25 08:20:04+00:00,2020-12-25 08:26:55+00:00,0:06:51,0:31:15
2020-12-25 08:58:10+00:00,2020-12-25 09:05:12+00:00,0:07:02,0:30:51
2020-12-25 09:36:03+00:00,2020-12-25 09:42:55+00:00,0:06:52,0:32:10
2020-12-25 10:15:05+00:00,2020-12-25 10:22:02+00:00,0:06:57,0:31:18
2020-12-25 10:53:20+00:00,2020-12-25 11:00:18+00:00,0:06:58,0:31:46
2020-12-25 11:32:04+00:00,2020-12-25 11:38:34+00:00,0:06:30,0:30:46
2020-12-25 12:09:20+00:00,2020-12-25 12:16:04+00:00,0:06:44,0:31:24
2020-12-25 12:47:28+00:00,2020-12-25 12:53:55+00:00,0:06:27,0:31:08
2020-12-25 13:25:03+00:00,2020-12-25 13:31:53+00:00,0:06:50,0:30:38
2020-12-25 14:02:31+00:00,2020-12-25 14:09:23+00:00,0:06:52,0:31:56
2020-12-25 14:41:19+00:00,2020-12-25 14:48:46+00:00,0:07:27,0:32:14
2020-12-25 15:21:00+00:00,2020-12-25 15:27:49+00:00,0:06:49,0:31:56
2020-12-25 15:59:45+00:00,2020-12-25 16:07:00+00:00,0:07:15,0:29:25
2020-12-25 16:36:25+00:00,2020-12-25 16:43:09+00:00,0:06:44,0:31:04
2020-12-25 17:14:13+00:00,2020-12-25 17:20:54+00:00,0:06:41,0:31:24
2020-12-25 17:52:18+00:00,2020-12-25 17:59:19+00:00,0:07:01,0:31:22
2020-12-25 18:30:41+00:00,2020-12-25 18:37:24+00:00,0:06:43,0:31:43
2020-12-25 19:09:07+00:00,2020-12-25 19:15:45+00:00,0:06:38,0:31:55
2020-12-25 19:47:40+00:00,2020-12-25 19:54:29+00:00,0:06:49,0:32:52
2020-12-25 20:27:21+00:00,2020-12-25 20:34:30+00:00,0:07:09,0:32:03
2020-12-25 21:06:33+00:00,2020-12-25 21:13:41+00:00,0:07:08,0:32:08
2020-12-25 21:45:49+00:00,2020-12-25 21:53:02+00:00,0:07:13,0:32:48
2020-12-25 22:25:50+00:00,2020-12-25 22:32:27+00:00,0:06:37,0:32:23
2020-12-25 23:04:50+00:00,2020-12-25 23:11:33+00:00,0:06:43,0:32:39
2020-12-25 23:44:12+00:00,2020-12-25 23:50:58+00:00,0:06:46,0:32:39
2020-12-26 00:23:37+00:00,2020-12-26 00:30:42+00:00,0:07:05,0:33:38
2020-12-26 01:04:20+00:00,2020-12-26 01:11:37+00:00,0:07:17,0:34:05
2020-12-26 01:45:42+00:00,2020-12-26 01:52:38+00:00,0:06:56,0:33:56
2020-12-26 02:26:34+00:00,2020-12-26 02:33:36+00:00,0:07:02,0:34:27
2020-12-26 03:08:03+00:00,2020-12-26 03:15:03+00:00,0:07:00,0:34:59
2020-12-26 03:50:02+00:00,2020-12-26 03:56:59+00:00,0:06:57,0:35:12
2020-12-26 04:32:11+00:00,2020-12-26 04:39:22+00:00,0:07:11,0:35:22
2020-12-26 05:14:44+00:00,2020-12-26 05:22:00+00:00,0:07:16,0:35:41
2020-12-26 05:57:41+00:00,2020-12-26 06:05:44+00:00,0:08:03,0:35:52
2020-12-26 06:41:36+00:00,2020-12-26 06:48:49+00:00,0:07:13,0:35:49
2020-12-26 07:24:38+00:00,2020-12-26 07:31:58+00:00,0:07:20,0:36:26
2020-12-26 08:08:24+00:00,2020-12-26 08:15:48+00:00,0:07:24,0:34:59
2020-12-26 08:50:47+00:00,2020-12-26 08:58:12+00:00,0:07:25,0:34:34
2020-12-26 09:32:46+00:00,2020-12-26 09:39:40+00:00,0:06:54,0:35:24
2020-12-26 10:15:04+00:00,2020-12-26 10:22:14+00:00,0:07:10,0:33:47
2020-12-26 10:56:01+00:00,2020-12-26 11:02:36+00:00,0:06:35,0:33:56
2020-12-26 11:36:32+00:00,2020-12-26 11:43:53+00:00,0:07:21,0:35:35
2020-12-26 12:19:28+00:00,2020-12-26 12:26:48+00:00,0:07:20,0:35:20
2020-12-26 13:02:08+00:00,2020-12-26 13:09:03+00:00,0:06:55,0:36:02
2020-12-26 13:45:05+00:00,2020-12-26 13:52:29+00:00,0:07:24,0:35:46
2020-12-26 14:28:15+00:00,2020-12-26 14:35:34+00:00,0:07:19,0:35:30
2020-12-26 15:11:04+00:00,2020-12-26 15:18:07+00:00,0:07:03,0:34:54
2020-12-26 15:53:01+00:00,2020-12-26 16:00:33+00:00,0:07:32,0:35:19
2020-12-26 16:35:52+00:00,2020-12-26 16:42:46+00:00,0:06:54,0:35:59
2020-12-26 17:18:45+00:00,2020-12-26 17:26:41+00:00,0:07:56,0:36:14
2020-12-26 18:02:55+00:00,2020-12-26 18:09:49+00:00,0:06:54,0:36:17
2020-12-26 18:46:06+00:00,2020-12-26 18:53:35+00:00,0:07:29,0:35:03
2020-12-26 19:28:38+00:00,2020-12-26 19:35:54+00:00,0:07:16,0:35:45
2020-12-26 20:11:39+00:00,2020-12-26 20:19:00+00:00,0:07:21,0:35:27
2020-12-26 20:54:27+00:00,2020-12-26 21:01:03+00:00,0:06:36,0:35:39
2020-12-26 21:36:42+00:00,2020-12-26 21:44:05+00:00,0:07:23,0:36:25
2020-12-26 22:20:30+00:00,2020-12-26 22:27:44+00:00,0:07:14,0:36:45
2020-12-26 23:04:29+00:00,2020-12-26 23:12:09+00:00,0:07:40,0:36:32
2020-12-26 23:48:41+00:00,2020-12-26 23:55:32+00:00,0:06:51,0:37:19
2020-12-27 00:32:51+00:00,2020-12-27 00:40:21+00:00,0:07:30,0:37:38
2020-12-27 01:17:59+00:00,2020-12-27 01:25:30+00:00,0:07:31,0:37:41
2020-12-27 02:03:11+00:00,2020-12-27 02:10:45+00:00,0:07:34,0:37:04
2020-12-27 02:47:49+00:00,2020-12-27 02:54:48+00:00,0:06:59,0:37:31
2020-12-27 03:32:19+00:00,2020-12-27 03:40:08+00:00,0:07:49,0:37:26
2020-12-27 04:17:34+00:00,2020-12-27 04:24:42+00:00,0:07:08,0:38:25
2020-12-27 05:03:07+00:00,2020-12-27 05:10:10+00:00,0:07:03,0:37:45
2020-12-27 05:47:55+00:00,2020-12-27 05:55:24+00:00,0:07:29,0:37:41
2020-12-27 06:33:05+00:00,2020-12-27 06:40:14+00:00,0:07:09,0:37:53
2020-12-27 07:18:07+00:00,2020-12-27 07:25:14+00:00,0:07:07,0:37:54
2020-12-27 08:03:08+00:00,2020-12-27 08:10:16+00:00,0:07:08,0:36:59
2020-12-27 08:47:15+00:00,2020-12-27 08:54:22+00:00,0:07:07,0:37:10
2020-12-27 09:31:32+00:00,2020-12-27 09:38:12+00:00,0:06:40,0:37:48
2020-12-27 10:16:00+00:00,2020-12-27 10:23:00+00:00,0:07:00,0:38:29
2020-12-27 11:01:29+00:00,2020-12-27 11:09:09+00:00,0:07:40,0:39:13
2020-12-27 11:48:22+00:00,2020-12-27 11:55:14+00:00,0:06:52,0:38:59
2020-12-27 12:34:13+00:00,2020-12-27 12:41:19+00:00,0:07:06,0:39:06
2020-12-27 13:20:25+00:00,2020-12-27 13:27:32+00:00,0:07:07,0:39:40
2020-12-27 14:07:12+00:00,2020-12-27 14:14:31+00:00,0:07:19,0:38:55
2020-12-27 14:53:26+00:00,2020-12-27 15:00:40+00:00,0:07:14,0:39:15
2020-12-27 15:39:55+00:00,2020-12-27 15:46:51+00:00,0:06:56,0:38:06
2020-12-27 16:24:57+00:00,2020-12-27 16:32:06+00:00,0:07:09,0:37:52
2020-12-27 17:09:58+00:00,2020-12-27 17:17:04+00:00,0:07:06,0:37:35
2020-12-27 17:54:39+00:00,2020-12-27 18:01:43+00:00,0:07:04,0:36:52
2020-12-27 18:38:35+00:00,2020-12-27 18:46:14+00:00,0:07:39,0:37:15
2020-12-27 19:23:29+00:00,2020-12-27 19:30:19+00:00,0:06:50,0:37:42
2020-12-27 20:08:01+00:00,2020-12-27 20:15:49+00:00,0:07:48,0:39:21
2020-12-27 20:55:10+00:00,2020-12-27 21:02:15+00:00,0:07:05,0:37:27
2020-12-27 21:39:42+00:00,2020-12-27 21:46:35+00:00,0:06:53,0:37:18
2020-12-27 22:23:53+00:00,2020-12-27 22:30:55+00:00,0:07:02,0:37:42
2020-12-27 23:08:37+00:00,2020-12-27 23:15:57+00:00,0:07:20,0:37:10
2020-12-27 23:53:07+00:00,2020-12-27 23:59:57+00:00,0:06:50,0:37:31
2020-12-28 00:37:28+00:00,2020-12-28 00:44:34+00:00,0:07:06,0:38:31
2020-12-28 01:23:05+00:00,2020-12-28 01:30:47+00:00,0:07:42,0:38:11
2020-12-28 02:08:58+00:00,2020-12-28 02:15:59+00:00,0:07:01,0:38:35
2020-12-28 02:54:34+00:00,2020-12-28 03:02:33+00:00,0:07:59,0:38:27
2020-12-28 03:41:00+00:00,2020-12-28 03:47:59+00:00,0:06:59,0:37:38
2020-12-28 04:25:37+00:00,2020-12-28 04:32:23+00:00,0:06:46,0:37:32
2020-12-28 05:09:55+00:00,2020-12-28 05:16:58+00:00,0:07:03,0:37:27
2020-12-28 05:54:25+00:00,2020-12-28 06:01:51+00:00,0:07:26,0:37:24
2020-12-28 06:39:15+00:00,2020-12-28 06:46:25+00:00,0:07:10,0:32:51
2020-12-28 07:19:16+00:00,2020-12-28 07:26:32+00:00,0:07:16,0:35:35
2020-12-28 08:02:07+00:00,2020-12-28 08:09:33+00:00,0:07:26,0:38:18
2020-12-28 08:47:51+00:00,2020-12-28 08:54:45+00:00,0:06:54,0:38:00
2020-12-28 09:32:45+00:00,2020-12-28 09:40:02+00:00,0:07:17,0:37:46
2020-12-28 10:17:48+00:00,2020-12-28 10:25:17+00:00,0:07:29,0:38:27
2020-12-28 11:03:44+00:00,2020-12-28 11:10:49+00:00,0:07:05,0:32:53
2020-12-28 11:43:42+00:00,2020-12-28 11:51:00+00:00,0:07:18,0:35:21
2020-12-28 12:26:21+00:00,2020-12-28 12:33:17+00:00,0:06:56,0:35:59
2020-12-28 13:09:16+00:00,2020-12-28 13:16:07+00:00,0:06:51,0:35:37
2020-12-28 13:51:44+00:00,2020-12-28 13:58:30+00:00,0:06:46,0:35:37
2020-12-28 14:34:07+00:00,2020-12-28 14:41:01+00:00,0:06:54,0:34:58
2020-12-28 15:15:59+00:00,2020-12-28 15:22:46+00:00,0:06:47,0:35:07
2020-12-28 15:57:53+00:00,2020-12-28 16:04:55+00:00,0:07:02,0:32:32
2020-12-28 16:37:27+00:00,2020-12-28 16:44:28+00:00,0:07:01,0:26:26
2020-12-28 17:10:54+00:00,2020-12-28 17:17:32+00:00,0:06:38,0:31:31
2020-12-28 17:49:03+00:00,2020-12-28 17:56:18+00:00,0:07:15,0:34:15
2020-12-28 18:30:33+00:00,2020-12-28 18:37:34+00:00,0:07:01,0:31:40
2020-12-28 19:09:14+00:00,2020-12-28 19:16:43+00:00,0:07:29,0:33:32
2020-12-28 19:50:15+00:00,2020-12-28 19:57:12+00:00,0:06:57,0:35:22
2020-12-28 20:32:34+00:00,2020-12-28 20:39:22+00:00,0:06:48,0:35:10
2020-12-28 21:14:32+00:00,2020-12-28 21:21:06+00:00,0:06:34,0:35:29
2020-12-28 21:56:35+00:00,2020-12-28 22:04:26+00:00,0:07:51,0:35:51
2020-12-28 22:40:17+00:00,2020-12-28 22:47:09+00:00,0:06:52,0:36:08
2020-12-28 23:23:17+00:00,2020-12-28 23:30:34+00:00,0:07:17,0:36:02
2020-12-29 00:06:36+00:00,2020-12-29 00:13:47+00:00,0:07:11,0:36:15
2020-12-29 00:50:02+00:00,2020-12-29 00:56:48+00:00,0:06:46,0:36:56
2020-12-29 01:33:44+00:00,2020-12-29 01:40:45+00:00,0:07:01,0:37:34
2020-12-29 02:18:19+00:00,2020-12-29 02:25:45+00:00,0:07:26,0:36:46
2020-12-29 03:02:31+00:00,2020-12-29 03:09:34+00:00,0:07:03,0:37:44
2020-12-29 03:47:18+00:00,2020-12-29 03:54:13+00:00,0:06:55,0:37:50
2020-12-29 04:32:03+00:00,2020-12-29 04:38:50+00:00,0:06:47,0:37:16
2020-12-29 05:16:06+00:00,2020-12-29 05:23:15+00:00,0:07:09,0:37:19
2020-12-29 06:00:34+00:00,2020-12-29 06:07:36+00:00,0:07:02,0:36:43
2020-12-29 06:44:19+00:00,2020-12-29 06:51:20+00:00,0:07:01,0:34:22
2020-12-29 07:25:42+00:00,2020-12-29 07:32:35+00:00,0:06:53,0:36:21
2020-12-29 08:08:56+00:00,2020-12-29 08:16:11+00:00,0:07:15,0:34:43
2020-12-29 08:50:54+00:00,2020-12-29 08:58:04+00:00,0:07:10,0:35:48
2020-12-29 09:33:52+00:00,2020-12-29 09:41:38+00:00,0:07:46,0:36:33
2020-12-29 10:18:11+00:00,2020-12-29 10:25:36+00:00,0:07:25,0:36:46
2020-12-29 11:02:22+00:00,2020-12-29 11:09:13+00:00,0:06:51,0:35:23
2020-12-29 11:44:36+00:00,2020-12-29 11:51:43+00:00,0:07:07,0:35:28
2020-12-29 12:27:11+00:00,2020-12-29 12:34:00+00:00,0:06:49,0:35:58
2020-12-29 13:09:58+00:00,2020-12-29 13:17:06+00:00,0:07:08,0:34:57
2020-12-29 13:52:03+00:00,2020-12-29 13:58:46+00:00,0:06:43,0:34:28
2020-12-29 14:33:14+00:00,2020-12-29 14:40:01+00:00,0:06:47,0:33:57
2020-12-29 15:13:58+00:00,2020-12-29 15:20:46+00:00,0:06:48,0:34:40
2020-12-29 15:55:26+00:00,2020-12-29 16:02:10+00:00,0:06:44,0:34:15
2020-12-29 16:36:25+00:00,2020-12-29 16:43:12+00:00,0:06:47,0:34:15
2020-12-29 17:17:27+00:00,2020-12-29 17:24:10+00:00,0:06:43,0:34:58
2020-12-29 17:59:08+00:00,2020-12-29 18:05:58+00:00,0:06:50,0:35:08
2020-12-29 18:41:06+00:00,2020-12-29 18:47:56+00:00,0:06:50,0:34:16
2020-12-29 19:22:12+00:00,2020-12-29 19:29:22+00:00,0:07:10,0:33:27
2020-12-29 20:02:49+00:00,2020-12-29 20:09:36+00:00,0:06:47,0:33:18
2020-12-29 20:42:54+00:00,2020-12-29 20:49:37+00:00,0:06:43,0:31:54
2020-12-29 21:21:31+00:00,2020-12-29 21:28:29+00:00,0:06:58,0:34:01
2020-12-29 22:02:30+00:00,2020-12-29 22:09:23+00:00,0:06:53,0:33:19
2020-12-29 22:42:42+00:00,2020-12-29 22:49:55+00:00,0:07:13,0:33:31
2020-12-29 23:23:26+00:00,2020-12-29 23:30:24+00:00,0:06:58,0:33:10
2020-12-30 00:03:34+00:00,2020-12-30 00:10:35+00:00,0:07:01,0:34:12
2020-12-30 00:44:47+00:00,2020-12-30 00:51:31+00:00,0:06:44,0:34:14
2020-12-30 01:25:45+00:00,2020-12-30 01:32:25+00:00,0:06:40,0:33:48
2020-12-30 02:06:13+00:00,2020-12-30 02:13:20+00:00,0:07:07,0:34:52
2020-12-30 02:48:12+00:00,2020-12-30 02:55:03+00:00,0:06:51,0:34:50
2020-12-30 03:29:53+00:00,2020-12-30 03:37:22+00:00,0:07:29,0:35:03
2020-12-30 04:12:25+00:00,2020-12-30 04:19:09+00:00,0:06:44,0:34:37
2020-12-30 04:53:46+00:00,2020-12-30 05:00:38+00:00,0:06:52,0:35:31
2020-12-30 05:36:09+00:00,2020-12-30 05:43:27+00:00,0:07:18,0:34:57
2020-12-30 06:18:24+00:00,2020-12-30 06:25:30+00:00,0:07:06,0:34:43
2020-12-30 07:00:13+00:00,2020-12-30 07:07:04+00:00,0:06:51,0:35:34
2020-12-30 07:42:38+00:00,2020-12-30 07:49:25+00:00,0:06:47,0:35:06
2020-12-30 08:24:31+00:00,2020-12-30 08:31:39+00:00,0:07:08,0:34:25
2020-12-30 09:06:04+00:00,2020-12-30 09:12:45+00:00,0:06:41,0:34:56
2020-12-30 09:47:41+00:00,2020-12-30 09:54:27+00:00,0:06:46,0:34:10
2020-12-30 10:28:37+00:00,2020-12-30 10:35:18+00:00,0:06:41,0:34:20
2020-12-30 11:09:38+00:00,2020-12-30 11:16:51+00:00,0:07:13,0:33:02
2020-12-30 11:49:53+00:00,2020-12-30 11:56:57+00:00,0:07:04,0:28:23
2020-12-30 12:25:20+00:00,2020-12-30 12:31:51+00:00,0:06:31,0:32:42
2020-12-30 13:04:33+00:00,2020-12-30 13:11:17+00:00,0:06:44,0:32:47
2020-12-30 13:44:04+00:00,2020-12-30 13:51:24+00:00,0:07:20,0:32:32
2020-12-30 14:23:56+00:00,2020-12-30 14:30:52+00:00,0:06:56,0:32:51
2020-12-30 15:03:43+00:00,2020-12-30 15:10:36+00:00,0:06:53,0:32:18
2020-12-30 15:42:54+00:00,2020-12-30 15:49:23+00:00,0:06:29,0:32:05
2020-12-30 16:21:28+00:00,2020-12-30 16:28:02+00:00,0:06:34,0:32:12
2020-12-30 17:00:14+00:00,2020-12-30 17:07:16+00:00,0:07:02,0:31:58
2020-12-30 17:39:14+00:00,2020-12-30 17:46:37+00:00,0:07:23,0:32:09
2020-12-30 18:18:46+00:00,2020-12-30 18:25:42+00:00,0:06:56,0:32:27
2020-12-30 18:58:09+00:00,2020-12-30 19:04:51+00:00,0:06:42,0:33:03
2020-12-30 19:37:54+00:00,2020-12-30 19:44:47+00:00,0:06:53,0:33:01
2020-12-30 20:17:48+00:00,2020-12-30 20:24:39+00:00,0:06:51,0:33:29
2020-12-30 20:58:08+00:00,2020-12-30 21:04:51+00:00,0:06:43,0:33:56
2020-12-30 21:38:47+00:00,2020-12-30 21:46:08+00:00,0:07:21,0:34:12
2020-12-30 22:20:20+00:00,2020-12-30 22:27:19+00:00,0:06:59,0:34:13
2020-12-30 23:01:32+00:00,2020-12-30 23:08:48+00:00,0:07:16,0:33:43
2020-12-30 23:42:31+00:00,2020-12-30 23:49:17+00:00,0:06:46,0:34:26
2020-12-31 00:23:43+00:00,2020-12-31 00:31:02+00:00,0:07:19,0:33:18
2020-12-31 01:04:20+00:00,2020-12-31 01:11:18+00:00,0:06:58,0:34:01
2020-12-31 01:45:19+00:00,2020-12-31 01:52:25+00:00,0:07:06,0:32:48
2020-12-31 02:25:13+00:00,2020-12-31 02:31:53+00:00,0:06:40,0:33:27
2020-12-31 03:05:20+00:00,2020-12-31 03:12:05+00:00,0:06:45,0:33:33
2020-12-31 03:45:38+00:00,2020-12-31 03:52:35+00:00,0:06:57,0:32:40
2020-12-31 04:25:15+00:00,2020-12-31 04:32:13+00:00,0:06:58,0:33:07
2020-12-31 05:05:20+00:00,2020-12-31 05:12:04+00:00,0:06:44,0:33:15
2020-12-31 05:45:19+00:00,2020-12-31 05:52:26+00:00,0:07:07,0:32:33
2020-12-31 06:24:59+00:00,2020-12-31 06:31:42+00:00,0:06:43,0:33:23
2020-12-31 07:05:05+00:00,2020-12-31 07:11:53+00:00,0:06:48,0:33:37
2020-12-31 07:45:30+00:00,2020-12-31 07:52:38+00:00,0:07:08,0:34:20
2020-12-31 08:26:58+00:00,2020-12-31 08:34:19+00:00,0:07:21,0:34:07
2020-12-31 09:08:26+00:00,2020-12-31 09:15:45+00:00,0:07:19,0:34:29
2020-12-31 09:50:14+00:00,2020-12-31 09:57:19+00:00,0:07:05,0:34:01
2020-12-31 10:31:20+00:00,2020-12-31 10:38:13+00:00,0:06:53,0:33:58
2020-12-31 11:12:11+00:00,2020-12-31 11:19:09+00:00,0:06:58,0:34:09
2020-12-31 11:53:18+00:00,2020-12-31 12:00:47+00:00,0:07:29,0:34:26
2020-12-31 12:35:13+00:00,2020-12-31 12:42:22+00:00,0:07:09,0:33:56
2020-12-31 13:16:18+00:00,2020-12-31 13:23:27+00:00,0:07:09,0:33:27
2020-12-31 13:56:54+00:00,2020-12-31 14:03:45+00:00,0:06:51,0:34:05
2020-12-31 14:37:50+00:00,2020-12-31 14:44:55+00:00,0:07:05,0:34:19
2020-12-31 15:19:14+00:00,2020-12-31 15:26:24+00:00,0:07:10,0:34:45
2020-12-31 16:01:09+00:00,2020-12-31 16:08:23+00:00,0:07:14,0:34:56
2020-12-31 16:43:19+00:00,2020-12-31 16:50:22+00:00,0:07:03,0:35:12
2020-12-31 17:25:34+00:00,2020-12-31 17:32:53+00:00,0:07:19,0:33:21
2020-12-31 18:06:14+00:00,2020-12-31 18:13:25+00:00,0:07:11,0:33:30
2020-12-31 18:46:55+00:00,2020-12-31 18:53:35+00:00,0:06:40,0:33:16
2020-12-31 19:26:51+00:00,2020-12-31 19:33:41+00:00,0:06:50,0:33:35
2020-12-31 20:07:16+00:00,2020-12-31 20:13:57+00:00,0:06:41,0:33:24
2020-12-31 20:47:21+00:00,2020-12-31 20:54:30+00:00,0:07:09,0:32:37
2020-12-31 21:27:07+00:00,2020-12-31 21:33:50+00:00,0:06:43,0:33:07
2020-12-31 22:06:57+00:00,2020-12-31 22:13:39+00:00,0:06:42,0:33:23
2020-12-31 22:47:02+00:00,2020-12-31 22:53:48+00:00,0:06:46,0:34:02
2020-12-31 23:27:50+00:00,2020-12-31 23:35:00+00:00,0:07:10,0:33:33
2021-01-01 00:08:33+00:00,2021-01-01 00:15:30+00:00,0:06:57,0:32:38
2021-01-01 00:48:08+00:00,2021-01-01 00:55:12+00:00,0:07:04,0:32:39
2021-01-01 01:27:51+00:00,2021-01-01 01:34:28+00:00,0:06:37,0:32:57
2021-01-01 02:07:25+00:00,2021-01-01 02:14:10+00:00,0:06:45,0:33:28
2021-01-01 02:47:38+00:00,2021-01-01 02:54:23+00:00,0:06:45,0:32:18
2021-01-01 03:26:41+00:00,2021-01-01 03:33:14+00:00,0:06:33,0:32:42
2021-01-01 04:05:56+00:00,2021-01-01 04:12:53+00:00,0:06:57,0:33:01
2021-01-01 04:45:54+00:00,2021-01-01 04:52:26+00:00,0:06:32,0:33:05
2021-01-01 05:25:31+00:00,2021-01-01 05:32:14+00:00,0:06:43,0:33:17
2021-01-01 06:05:31+00:00,2021-01-01 06:12:13+00:00,0:06:42,0:33:08
2021-01-01 06:45:21+00:00,2021-01-01 06:51:59+00:00,0:06:38,0:33:31
2021-01-01 07:25:30+00:00,2021-01-01 07:32:15+00:00,0:06:45,0:33:54
2021-01-01 08:06:09+00:00,2021-01-01 08:13:30+00:00,0:07:21,0:33:18
2021-01-01 08:46:48+00:00,2021-01-01 08:53:39+00:00,0:06:51,0:33:09
2021-01-01 09:26:48+00:00,2021-01-01 09:33:43+00:00,0:06:55,0:33:06
2021-01-01 10:06:49+00:00,2021-01-01 10:13:17+00:00,0:06:28,0:26:22
2021-01-01 10:39:39+00:00,2021-01-01 10:46:15+00:00,0:06:36,0:27:56
2021-01-01 11:14:11+00:00,2021-01-01 11:20:39+00:00,0:06:28,0:30:10
2021-01-01 11:50:49+00:00,2021-01-01 11:57:55+00:00,0:07:06,0:31:28
2021-01-01 12:29:23+00:00,2021-01-01 12:36:15+00:00,0:06:52,0:31:32
2021-01-01 13:07:47+00:00,2021-01-01 13:14:38+00:00,0:06:51,0:32:31
2021-01-01 13:47:09+00:00,2021-01-01 13:53:52+00:00,0:06:43,0:33:46
2021-01-01 14:27:38+00:00,2021-01-01 14:34:22+00:00,0:06:44,0:33:29
2021-01-01 15:07:51+00:00,2021-01-01 15:14:43+00:00,0:06:52,0:34:20
2021-01-01 15:49:03+00:00,2021-01-01 15:56:00+00:00,0:06:57,0:33:25
2021-01-01 16:29:25+00:00,2021-01-01 16:35:52+00:00,0:06:27,0:33:59
2021-01-01 17:09:51+00:00,2021-01-01 17:17:01+00:00,0:07:10,0:33:58
2021-01-01 17:50:59+00:00,2021-01-01 17:57:50+00:00,0:06:51,0:34:14
2021-01-01 18:32:04+00:00,2021-01-01 18:39:12+00:00,0:07:08,0:34:11
2021-01-01 19:13:23+00:00,2021-01-01 19:20:35+00:00,0:07:12,0:34:01
2021-01-01 19:54:36+00:00,2021-01-01 20:01:19+00:00,0:06:43,0:34:16
2021-01-01 20:35:35+00:00,2021-01-01 20:42:34+00:00,0:06:59,0:33:52
2021-01-01 21:16:26+00:00,2021-01-01 21:23:32+00:00,0:07:06,0:34:24
2021-01-01 21:57:56+00:00,2021-01-01 22:05:10+00:00,0:07:14,0:34:06
2021-01-01 22:39:16+00:00,2021-01-01 22:45:57+00:00,0:06:41,0:33:53
2021-01-01 23:19:50+00:00,2021-01-01 23:26:32+00:00,0:06:42,0:33:32
2021-01-02 00:00:04+00:00,2021-01-02 00:07:16+00:00,0:07:12,0:34:05
2021-01-02 00:41:21+00:00,2021-01-02 00:48:03+00:00,0:06:42,0:33:45
2021-01-02 01:21:48+00:00,2021-01-02 01:28:50+00:00,0:07:02,0:33:44
2021-01-02 02:02:34+00:00,2021-01-02 02:09:11+00:00,0:06:37,0:34:31
2021-01-02 02:43:42+00:00,2021-01-02 02:50:42+00:00,0:07:00,0:35:01
2021-01-02 03:25:43+00:00,2021-01-02 03:32:32+00:00,0:06:49,0:34:43
2021-01-02 04:07:15+00:00,2021-01-02 04:13:58+00:00,0:06:43,0:34:30
2021-01-02 04:48:28+00:00,2021-01-02 04:55:19+00:00,0:06:51,0:33:43
2021-01-02 05:29:02+00:00,2021-01-02 05:35:53+00:00,0:06:51,0:33:15
2021-01-02 06:09:08+00:00,2021-01-02 06:16:00+00:00,0:06:52,0:33:28
2021-01-02 06:49:28+00:00,2021-01-02 06:56:22+00:00,0:06:54,0:33:38
2021-01-02 07:30:00+00:00,2021-01-02 07:36:57+00:00,0:06:57,0:34:25
2021-01-02 08:11:22+00:00,2021-01-02 08:18:25+00:00,0:07:03,0:34:21
2021-01-02 08:52:46+00:00,2021-01-02 09:00:08+00:00,0:07:22,0:34:48
2021-01-02 09:34:56+00:00,2021-01-02 09:41:42+00:00,0:06:46,0:34:51
2021-01-02 10:16:33+00:00,2021-01-02 10:23:09+00:00,0:06:36,0:34:27
2021-01-02 10:57:36+00:00,2021-01-02 11:04:52+00:00,0:07:16,0:34:11
2021-01-02 11:39:03+00:00,2021-01-02 11:45:51+00:00,0:06:48,0:34:15
2021-01-02 12:20:06+00:00,2021-01-02 12:26:45+00:00,0:06:39,0:34:24
2021-01-02 13:01:09+00:00,2021-01-02 13:08:26+00:00,0:07:17,0:35:29
2021-01-02 13:43:55+00:00,2021-01-02 13:50:34+00:00,0:06:39,0:34:55
2021-01-02 14:25:29+00:00,2021-01-02 14:32:26+00:00,0:06:57,0:35:33
2021-01-02 15:07:59+00:00,2021-01-02 15:14:56+00:00,0:06:57,0:34:59
2021-01-02 15:49:55+00:00,2021-01-02 15:57:09+00:00,0:07:14,0:35:13
2021-01-02 16:32:22+00:00,2021-01-02 16:39:07+00:00,0:06:45,0:28:23
2021-01-02 17:07:30+00:00,2021-01-02 17:14:32+00:00,0:07:02,0:30:14
2021-01-02 17:44:46+00:00,2021-01-02 17:51:23+00:00,0:06:37,0:32:59
2021-01-02 18:24:22+00:00,2021-01-02 18:31:13+00:00,0:06:51,0:32:29
2021-01-02 19:03:42+00:00,2021-01-02 19:10:41+00:00,0:06:59,0:32:25
2021-01-02 19:43:06+00:00,2021-01-02 19:49:51+00:00,0:06:45,0:32:42
2021-01-02 20:22:33+00:00,2021-01-02 20:29:44+00:00,0:07:11,0:33:10
2021-01-02 21:02:54+00:00,2021-01-02 21:09:31+00:00,0:06:37,0:33:24
2021-01-02 21:42:55+00:00,2021-01-02 21:49:55+00:00,0:07:00,0:32:27
2021-01-02 22:22:22+00:00,2021-01-02 22:29:17+00:00,0:06:55,0:32:56
2021-01-02 23:02:13+00:00,2021-01-02 23:08:49+00:00,0:06:36,0:33:11
2021-01-02 23:42:00+00:00,2021-01-02 23:49:02+00:00,0:07:02,0:33:14
2021-01-03 00:22:16+00:00,2021-01-03 00:28:49+00:00,0:06:33,0:33:09
2021-01-03 01:01:58+00:00,2021-01-03 01:08:53+00:00,0:06:55,0:34:07
2021-01-03 01:43:00+00:00,2021-01-03 01:49:58+00:00,0:06:58,0:33:45
2021-01-03 02:23:43+00:00,2021-01-03 02:30:32+00:00,0:06:49,0:33:27
2021-01-03 03:03:59+00:00,2021-01-03 03:10:53+00:00,0:06:54,0:33:31
2021-01-03 03:44:24+00:00,2021-01-03 03:50:57+00:00,0:06:33,0:33:33
2021-01-03 04:24:30+00:00,2021-01-03 04:31:31+00:00,0:07:01,0:33:21
2021-01-03 05:04:52+00:00,2021-01-03 05:12:02+00:00,0:07:10,0:33:22
2021-01-03 05:45:24+00:00,2021-01-03 05:52:10+00:00,0:06:46,0:33:42
2021-01-03 06:25:52+00:00,2021-01-03 06:33:20+00:00,0:07:28,0:33:49
2021-01-03 07:07:09+00:00,2021-01-03 07:14:06+00:00,0:06:57,0:33:53
2021-01-03 07:47:59+00:00,2021-01-03 07:54:41+00:00,0:06:42,0:34:46
2021-01-03 08:29:27+00:00,2021-01-03 08:36:43+00:00,0:07:16,0:34:31
2021-01-03 09:11:14+00:00,2021-01-03 09:17:48+00:00,0:06:34,0:34:40
2021-01-03 09:52:28+00:00,2021-01-03 09:59:30+00:00,0:07:02,0:34:44
2021-01-03 10:34:14+00:00,2021-01-03 10:41:06+00:00,0:06:52,0:34:45
2021-01-03 11:15:51+00:00,2021-01-03 11:22:53+00:00,0:07:02,0:34:06
2021-01-03 11:56:59+00:00,2021-01-03 12:03:54+00:00,0:06:55,0:33:33
2021-01-03 12:37:27+00:00,2021-01-03 12:44:25+00:00,0:06:58,0:33:13
2021-01-03 13:17:38+00:00,2021-01-03 13:24:14+00:00,0:06:36,0:33:41
2021-01-03 13:57:55+00:00,2021-01-03 14:05:09+00:00,0:07:14,0:34:22
2021-01-03 14:39:31+00:00,2021-01-03 14:46:39+00:00,0:07:08,0:34:08
2021-01-03 15:20:47+00:00,2021-01-03 15:27:45+00:00,0:06:58,0:34:07
2021-01-03 16:01:52+00:00,2021-01-03 16:09:21+00:00,0:07:29,0:34:25
2021-01-03 16:43:46+00:00,2021-01-03 16:50:51+00:00,0:07:05,0:30:10
2021-01-03 17:21:01+00:00,2021-01-03 17:28:43+00:00,0:07:42,0:26:08
2021-01-03 17:54:51+00:00,2021-01-03 18:01:18+00:00,0:06:27,0:22:05
2021-01-03 18:23:23+00:00,2021-01-03 18:30:36+00:00,0:07:13,0:22:45
2021-01-03 18:53:21+00:00,2021-01-03 19:00:24+00:00,0:07:03,0:16:16
2021-01-03 19:16:40+00:00,2021-01-03 19:23:18+00:00,0:06:38,0:20:18
2021-01-03 19:43:36+00:00,2021-01-03 19:49:54+00:00,0:06:18,0:18:55
2021-01-03 20:08:49+00:00,2021-01-03 20:15:05+00:00,0:06:16,0:19:43
2021-01-03 20:34:48+00:00,2021-01-03 20:41:41+00:00,0:06:53,0:22:41
2021-01-03 21:04:22+00:00,2021-01-03 21:11:03+00:00,0:06:41,0:21:29
2021-01-03 21:32:32+00:00,2021-01-03 21:38:55+00:00,0:06:23,0:22:37
2021-01-03 22:01:32+00:00,2021-01-03 22:07:58+00:00,0:06:26,0:23:13
2021-01-03 22:31:11+00:00,2021-01-03 22:37:21+00:00,0:06:10,0:23:50
2021-01-03 23:01:11+00:00,2021-01-03 23:07:25+00:00,0:06:14,0:25:04
2021-01-03 23:32:29+00:00,2021-01-03 23:38:55+00:00,0:06:26,0:25:39
2021-01-04 00:04:34+00:00,2021-01-04 00:11:01+00:00,0:06:27,0:26:32
2021-01-04 00:37:33+00:00,2021-01-04 00:44:03+00:00,0:06:30,0:26:50
2021-01-04 01:10:53+00:00,2021-01-04 01:17:33+00:00,0:06:40,0:27:41
2021-01-04 01:45:14+00:00,2021-01-04 01:51:57+00:00,0:06:43,0:27:40
2021-01-04 02:19:37+00:00,2021-01-04 02:26:09+00:00,0:06:32,0:27:51
2021-01-04 02:54:00+00:00,2021-01-04 03:00:57+00:00,0:06:57,0:28:01
2021-01-04 03:28:58+00:00,2021-01-04 03:35:29+00:00,0:06:31,0:29:10
2021-01-04 04:04:39+00:00,2021-01-04 04:10:57+00:00,0:06:18,0:28:32
2021-01-04 04:39:29+00:00,2021-01-04 04:45:54+00:00,0:06:25,0:29:06
2021-01-04 05:15:00+00:00,2021-01-04 05:21:32+00:00,0:06:32,0:29:47
2021-01-04 05:51:19+00:00,2021-01-04 05:57:43+00:00,0:06:24,0:13:40
2021-01-04 06:11:23+00:00,2021-01-04 06:13:00+00:00,0:01:37,0:03:00
2021-01-04 06:16:00+00:00,2021-01-04 06:21:41+00:00,0:05:41,0:25:32
2021-01-04 06:47:13+00:00,2021-01-04 06:53:28+00:00,0:06:15,0:27:45
2021-01-04 07:21:13+00:00,2021-01-04 07:27:52+00:00,0:06:39,0:28:58
2021-01-04 07:56:50+00:00,2021-01-04 08:03:00+00:00,0:06:10,0:28:29
2021-01-04 08:31:29+00:00,2021-01-04 08:38:21+00:00,0:06:52,0:28:22
2021-01-04 09:06:43+00:00,2021-01-04 09:13:21+00:00,0:06:38,0:28:32
2021-01-04 09:41:53+00:00,2021-01-04 09:48:34+00:00,0:06:41,0:27:22
2021-01-04 10:15:56+00:00,2021-01-04 10:22:46+00:00,0:06:50,0:28:44
2021-01-04 10:51:30+00:00,2021-01-04 10:58:18+00:00,0:06:48,0:30:19
2021-01-04 11:28:37+00:00,2021-01-04 11:35:23+00:00,0:06:46,0:30:05
2021-01-04 12:05:28+00:00,2021-01-04 12:12:00+00:00,0:06:32,0:30:35
2021-01-04 12:42:35+00:00,2021-01-04 12:49:16+00:00,0:06:41,0:30:15
2021-01-04 13:19:31+00:00,2021-01-04 13:26:17+00:00,0:06:46,0:25:46
2021-01-04 13:52:03+00:00,2021-01-04 13:58:42+00:00,0:06:39,0:20:44
2021-01-04 14:19:26+00:00,2021-01-04 14:26:35+00:00,0:07:09,0:24:17
2021-01-04 14:50:52+00:00,2021-01-04 14:57:19+00:00,0:06:27,0:25:05
2021-01-04 15:22:24+00:00,2021-01-04 15:28:49+00:00,0:06:25,0:25:33
2021-01-04 15:54:22+00:00,2021-01-04 16:00:38+00:00,0:06:16,0:25:22
2021-01-04 16:26:00+00:00,2021-01-04 16:32:47+00:00,0:06:47,0:25:41
2021-01-04 16:58:28+00:00,2021-01-04 17:05:13+00:00,0:06:45,0:26:56
2021-01-04 17:32:09+00:00,2021-01-04 17:39:17+00:00,0:07:08,0:21:02
2021-01-04 18:00:19+00:00,2021-01-04 18:07:00+00:00,0:06:41,0:20:23
2021-01-04 18:27:23+00:00,2021-01-04 18:34:00+00:00,0:06:37,0:22:07
2021-01-04 18:56:07+00:00,2021-01-04 19:02:29+00:00,0:06:22,0:23:33
2021-01-04 19:26:02+00:00,2021-01-04 19:32:16+00:00,0:06:14,0:24:03
2021-01-04 19:56:19+00:00,2021-01-04 20:02:34+00:00,0:06:15,0:24:38
2021-01-04 20:27:12+00:00,2021-01-04 20:33:59+00:00,0:06:47,0:21:07
2021-01-04 20:55:06+00:00,2021-01-04 21:01:06+00:00,0:06:00,0:21:57
2021-01-04 21:23:03+00:00,2021-01-04 21:29:31+00:00,0:06:28,0:22:02
2021-01-04 21:51:33+00:00,2021-01-04 21:57:42+00:00,0:06:09,0:23:45
2021-01-04 22:21:27+00:00,2021-01-04 22:27:53+00:00,0:06:26,0:24:50
2021-01-04 22:52:43+00:00,2021-01-04 22:59:11+00:00,0:06:28,0:24:45
2021-01-04 23:23:56+00:00,2021-01-04 23:30:39+00:00,0:06:43,0:24:54
2021-01-04 23:55:33+00:00,2021-01-05 00:01:57+00:00,0:06:24,0:25:50
2021-01-05 00:27:47+00:00,2021-01-05 00:34:30+00:00,0:06:43,0:26:24
2021-01-05 01:00:54+00:00,2021-01-05 01:07:37+00:00,0:06:43,0:26:55
2021-01-05 01:34:32+00:00,2021-01-05 01:41:04+00:00,0:06:32,0:26:08
2021-01-05 02:07:12+00:00,2021-01-05 02:14:02+00:00,0:06:50,0:26:59
2021-01-05 02:41:01+00:00,2021-01-05 02:47:26+00:00,0:06:25,0:27:20
2021-01-05 03:14:46+00:00,2021-01-05 03:21:09+00:00,0:06:23,0:27:45
2021-01-05 03:48:54+00:00,2021-01-05 03:55:52+00:00,0:06:58,0:28:36
2021-01-05 04:24:28+00:00,2021-01-05 04:31:15+00:00,0:06:47,0:29:07
2021-01-05 05:00:22+00:00,2021-01-05 05:07:17+00:00,0:06:55,0:29:02
2021-01-05 05:36:19+00:00,2021-01-05 05:43:11+00:00,0:06:52,0:26:40
2021-01-05 06:09:51+00:00,2021-01-05 06:16:34+00:00,0:06:43,0:27:07
2021-01-05 06:43:41+00:00,2021-01-05 06:50:02+00:00,0:06:21,0:28:01
2021-01-05 07:18:03+00:00,2021-01-05 07:24:51+00:00,0:06:48,0:28:20
2021-01-05 07:53:11+00:00,2021-01-05 08:00:29+00:00,0:07:18,0:29:05
2021-01-05 08:29:34+00:00,2021-01-05 08:36:17+00:00,0:06:43,0:29:23
2021-01-05 09:05:40+00:00,2021-01-05 09:12:28+00:00,0:06:48,0:28:11
2021-01-05 09:40:39+00:00,2021-01-05 09:47:03+00:00,0:06:24,0:28:44
2021-01-05 10:15:47+00:00,2021-01-05 10:22:23+00:00,0:06:36,0:28:54
2021-01-05 10:51:17+00:00,2021-01-05 10:57:45+00:00,0:06:28,0:28:38
2021-01-05 11:26:23+00:00,2021-01-05 11:33:27+00:00,0:07:04,0:28:31
2021-01-05 12:01:58+00:00,2021-01-05 12:08:49+00:00,0:06:51,0:27:44
2021-01-05 12:36:33+00:00,2021-01-05 12:43:12+00:00,0:06:39,0:28:26
2021-01-05 13:11:38+00:00,2021-01-05 13:18:21+00:00,0:06:43,0:28:18
2021-01-05 13:46:39+00:00,2021-01-05 13:53:07+00:00,0:06:28,0:28:21
2021-01-05 14:21:28+00:00,2021-01-05 14:28:30+00:00,0:07:02,0:28:14
2021-01-05 14:56:44+00:00,2021-01-05 15:03:25+00:00,0:06:41,0:29:19
2021-01-05 15:32:44+00:00,2021-01-05 15:39:40+00:00,0:06:56,0:28:44
2021-01-05 16:08:24+00:00,2021-01-05 16:14:50+00:00,0:06:26,0:29:03
2021-01-05 16:43:53+00:00,2021-01-05 16:50:45+00:00,0:06:52,0:27:47
2021-01-05 17:18:32+00:00,2021-01-05 17:25:25+00:00,0:06:53,0:28:47
2021-01-05 17:54:12+00:00,2021-01-05 18:01:01+00:00,0:06:49,0:18:23
2021-01-05 18:19:24+00:00,2021-01-05 18:26:14+00:00,0:06:50,0:20:24
2021-01-05 18:46:38+00:00,2021-01-05 18:53:07+00:00,0:06:29,0:25:24
2021-01-05 19:18:31+00:00,2021-01-05 19:25:20+00:00,0:06:49,0:26:06
2021-01-05 19:51:26+00:00,2021-01-05 19:58:04+00:00,0:06:38,0:22:57
2021-01-05 20:21:01+00:00,2021-01-05 20:27:34+00:00,0:06:33,0:23:31
2021-01-05 20:51:05+00:00,2021-01-05 20:57:35+00:00,0:06:30,0:26:19
2021-01-05 21:23:54+00:00,2021-01-05 21:30:21+00:00,0:06:27,0:26:29
2021-01-05 21:56:50+00:00,2021-01-05 22:03:53+00:00,0:07:03,0:26:57
2021-01-05 22:30:50+00:00,2021-01-05 22:37:32+00:00,0:06:42,0:26:42
2021-01-05 23:04:14+00:00,2021-01-05 23:10:43+00:00,0:06:29,0:27:14
2021-01-05 23:37:57+00:00,2021-01-05 23:44:25+00:00,0:06:28,0:27:43
2021-01-06 00:12:08+00:00,2021-01-06 00:18:45+00:00,0:06:37,0:28:19
2021-01-06 00:47:04+00:00,2021-01-06 00:53:46+00:00,0:06:42,0:29:04
2021-01-06 01:22:50+00:00,2021-01-06 01:29:41+00:00,0:06:51,0:28:52
2021-01-06 01:58:33+00:00,2021-01-06 02:05:23+00:00,0:06:50,0:29:07
2021-01-06 02:34:30+00:00,2021-01-06 02:41:12+00:00,0:06:42,0:29:37
2021-01-06 03:10:49+00:00,2021-01-06 03:17:25+00:00,0:06:36,0:28:55
2021-01-06 03:46:20+00:00,2021-01-06 03:53:01+00:00,0:06:41,0:28:30
2021-01-06 04:21:31+00:00,2021-01-06 04:28:14+00:00,0:06:43,0:29:31
2021-01-06 04:57:45+00:00,2021-01-06 05:04:57+00:00,0:07:12,0:30:06
2021-01-06 05:35:03+00:00,2021-01-06 05:42:04+00:00,0:07:01,0:27:35
2021-01-06 06:09:39+00:00,2021-01-06 06:15:53+00:00,0:06:14,0:29:37
2021-01-06 06:45:30+00:00,2021-01-06 06:52:53+00:00,0:07:23,0:25:00
2021-01-06 07:17:53+00:00,2021-01-06 07:24:44+00:00,0:06:51,0:26:45
2021-01-06 07:51:29+00:00,2021-01-06 07:57:43+00:00,0:06:14,0:27:26
2021-01-06 08:25:09+00:00,2021-01-06 08:31:29+00:00,0:06:20,0:29:07
2021-01-06 09:00:36+00:00,2021-01-06 09:07:02+00:00,0:06:26,0:28:50
2021-01-06 09:35:52+00:00,2021-01-06 09:42:42+00:00,0:06:50,0:30:17
2021-01-06 10:12:59+00:00,2021-01-06 10:19:24+00:00,0:06:25,0:30:32
2021-01-06 10:49:56+00:00,2021-01-06 10:56:37+00:00,0:06:41,0:30:06
2021-01-06 11:26:43+00:00,2021-01-06 11:33:21+00:00,0:06:38,0:30:57
2021-01-06 12:04:18+00:00,2021-01-06 12:11:16+00:00,0:06:58,0:31:10
2021-01-06 12:42:26+00:00,2021-01-06 12:49:15+00:00,0:06:49,0:29:28
2021-01-06 13:18:43+00:00,2021-01-06 13:25:12+00:00,0:06:29,0:28:43
2021-01-06 13:53:55+00:00,2021-01-06 14:00:24+00:00,0:06:29,0:29:15
2021-01-06 14:29:39+00:00,2021-01-06 14:36:06+00:00,0:06:27,0:28:47
2021-01-06 15:04:53+00:00,2021-01-06 15:11:37+00:00,0:06:44,0:27:59
2021-01-06 15:39:36+00:00,2021-01-06 15:46:06+00:00,0:06:30,0:27:56
2021-01-06 16:14:02+00:00,2021-01-06 16:20:30+00:00,0:06:28,0:27:01
2021-01-06 16:47:31+00:00,2021-01-06 16:53:56+00:00,0:06:25,0:20:36
2021-01-06 17:14:32+00:00,2021-01-06 17:20:56+00:00,0:06:24,0:25:50
2021-01-06 17:46:46+00:00,2021-01-06 17:53:22+00:00,0:06:36,0:26:01
2021-01-06 18:19:23+00:00,2021-01-06 18:26:02+00:00,0:06:39,0:21:43
2021-01-06 18:47:45+00:00,2021-01-06 18:54:31+00:00,0:06:46,0:23:00
2021-01-06 19:17:31+00:00,2021-01-06 19:24:04+00:00,0:06:33,0:25:40
2021-01-06 19:49:44+00:00,2021-01-06 19:55:51+00:00,0:06:07,0:26:12
2021-01-06 20:22:03+00:00,2021-01-06 20:28:12+00:00,0:06:09,0:26:55
2021-01-06 20:55:07+00:00,2021-01-06 21:01:44+00:00,0:06:37,0:27:09
2021-01-06 21:28:53+00:00,2021-01-06 21:35:16+00:00,0:06:23,0:27:25
2021-01-06 22:02:41+00:00,2021-01-06 22:09:36+00:00,0:06:55,0:27:54
2021-01-06 22:37:30+00:00,2021-01-06 22:43:56+00:00,0:06:26,0:28:20
2021-01-06 23:12:16+00:00,2021-01-06 23:18:46+00:00,0:06:30,0:28:34
2021-01-06 23:47:20+00:00,2021-01-06 23:54:33+00:00,0:07:13,0:29:29
2021-01-07 00:24:02+00:00,2021-01-07 00:30:38+00:00,0:06:36,0:30:03
2021-01-07 01:00:41+00:00,2021-01-07 01:07:33+00:00,0:06:52,0:29:22
2021-01-07 01:36:55+00:00,2021-01-07 01:43:34+00:00,0:06:39,0:00:39
2021-01-07 01:44:13+00:00,2021-01-07 01:44:14+00:00,0:00:01,0:00:50
2021-01-07 01:45:04+00:00,2021-01-07 01:45:05+00:00,0:00:01,0:28:08
2021-01-07 02:13:13+00:00,2021-01-07 02:20:06+00:00,0:06:53,0:29:35
2021-01-07 02:49:41+00:00,2021-01-07 02:56:33+00:00,0:06:52,0:29:47
2021-01-07 03:26:20+00:00,2021-01-07 03:33:13+00:00,0:06:53,0:30:45
2021-01-07 04:03:58+00:00,2021-01-07 04:10:27+00:00,0:06:29,0:30:41
2021-01-07 04:41:08+00:00,2021-01-07 04:48:10+00:00,0:07:02,0:30:25
2021-01-07 05:18:35+00:00,2021-01-07 05:25:30+00:00,0:06:55,0:30:37
2021-01-07 05:56:07+00:00,2021-01-07 06:02:53+00:00,0:06:46,0:28:51
2021-01-07 06:31:44+00:00,2021-01-07 06:38:56+00:00,0:07:12,0:31:35
2021-01-07 07:10:31+00:00,2021-01-07 07:17:28+00:00,0:06:57,0:29:36
2021-01-07 07:47:04+00:00,2021-01-07 07:54:05+00:00,0:07:01,0:22:04
2021-01-07 08:16:09+00:00,2021-01-07 08:22:43+00:00,0:06:34,0:24:00
2021-01-07 08:46:43+00:00,2021-01-07 08:53:28+00:00,0:06:45,0:24:39
2021-01-07 09:18:07+00:00,2021-01-07 09:24:34+00:00,0:06:27,0:25:35
2021-01-07 09:50:09+00:00,2021-01-07 09:56:55+00:00,0:06:46,0:26:41
2021-01-07 10:23:36+00:00,2021-01-07 10:30:08+00:00,0:06:32,0:26:40
2021-01-07 10:56:48+00:00,2021-01-07 11:03:39+00:00,0:06:51,0:26:45
2021-01-07 11:30:24+00:00,2021-01-07 11:37:20+00:00,0:06:56,0:26:48
2021-01-07 12:04:08+00:00,2021-01-07 12:11:10+00:00,0:07:02,0:27:42
2021-01-07 12:38:52+00:00,2021-01-07 12:46:01+00:00,0:07:09,0:28:45
2021-01-07 13:14:46+00:00,2021-01-07 13:21:12+00:00,0:06:26,0:27:57
2021-01-07 13:49:09+00:00,2021-01-07 13:55:38+00:00,0:06:29,0:28:02
2021-01-07 14:23:40+00:00,2021-01-07 14:30:11+00:00,0:06:31,0:27:45
2021-01-07 14:57:56+00:00,2021-01-07 15:04:19+00:00,0:06:23,0:27:35
2021-01-07 15:31:54+00:00,2021-01-07 15:38:32+00:00,0:06:38,0:27:38
2021-01-07 16:06:10+00:00,2021-01-07 16:12:48+00:00,0:06:38,0:27:57
2021-01-07 16:40:45+00:00,2021-01-07 16:47:19+00:00,0:06:34,0:27:04
2021-01-07 17:14:23+00:00,2021-01-07 17:20:44+00:00,0:06:21,0:26:40
2021-01-07 17:47:24+00:00,2021-01-07 17:54:09+00:00,0:06:45,0:28:36
2021-01-07 18:22:45+00:00,2021-01-07 18:29:41+00:00,0:06:56,0:23:21
2021-01-07 18:53:02+00:00,2021-01-07 18:59:05+00:00,0:06:03,0:26:35
2021-01-07 19:25:40+00:00,2021-01-07 19:31:56+00:00,0:06:16,0:27:26
2021-01-07 19:59:22+00:00,2021-01-07 20:05:53+00:00,0:06:31,0:28:27
2021-01-07 20:34:20+00:00,2021-01-07 20:40:47+00:00,0:06:27,0:28:29
2021-01-07 21:09:16+00:00,2021-01-07 21:15:48+00:00,0:06:32,0:29:19
2021-01-07 21:45:07+00:00,2021-01-07 21:51:38+00:00,0:06:31,0:24:24
2021-01-07 22:16:02+00:00,2021-01-07 22:22:20+00:00,0:06:18,0:28:27
2021-01-07 22:50:47+00:00,2021-01-07 22:57:28+00:00,0:06:41,0:28:17
2021-01-07 23:25:45+00:00,2021-01-07 23:32:10+00:00,0:06:25,0:28:35
2021-01-08 00:00:45+00:00,2021-01-08 00:07:10+00:00,0:06:25,0:29:12
2021-01-08 00:36:22+00:00,2021-01-08 00:42:52+00:00,0:06:30,0:30:04
2021-01-08 01:12:56+00:00,2021-01-08 01:19:44+00:00,0:06:48,0:29:35
2021-01-08 01:49:19+00:00,2021-01-08 01:55:55+00:00,0:06:36,0:29:46
2021-01-08 02:25:41+00:00,2021-01-08 02:32:16+00:00,0:06:35,0:29:54
2021-01-08 03:02:10+00:00,2021-01-08 03:09:12+00:00,0:07:02,0:31:03
2021-01-08 03:40:15+00:00,2021-01-08 03:47:04+00:00,0:06:49,0:30:24
2021-01-08 04:17:28+00:00,2021-01-08 04:24:33+00:00,0:07:05,0:30:37
2021-01-08 04:55:10+00:00,2021-01-08 05:02:19+00:00,0:07:09,0:30:25
2021-01-08 05:32:44+00:00,2021-01-08 05:39:31+00:00,0:06:47,0:27:45
2021-01-08 06:07:16+00:00,2021-01-08 06:14:10+00:00,0:06:54,0:26:45
2021-01-08 06:40:55+00:00,2021-01-08 06:47:48+00:00,0:06:53,0:28:55
2021-01-08 07:16:43+00:00,2021-01-08 07:23:45+00:00,0:07:02,0:30:07
2021-01-08 07:53:52+00:00,2021-01-08 08:01:09+00:00,0:07:17,0:30:33
2021-01-08 08:31:42+00:00,2021-01-08 08:39:06+00:00,0:07:24,0:30:36
2021-01-08 09:09:42+00:00,2021-01-08 09:16:44+00:00,0:07:02,0:30:58
2021-01-08 09:47:42+00:00,2021-01-08 09:54:40+00:00,0:06:58,0:31:30
2021-01-08 10:26:10+00:00,2021-01-08 10:33:01+00:00,0:06:51,0:30:50
2021-01-08 11:03:51+00:00,2021-01-08 11:10:58+00:00,0:07:07,0:29:55
2021-01-08 11:40:53+00:00,2021-01-08 11:47:47+00:00,0:06:54,0:29:41
2021-01-08 12:17:28+00:00,2021-01-08 12:24:16+00:00,0:06:48,0:28:47
2021-01-08 12:53:03+00:00,2021-01-08 13:00:05+00:00,0:07:02,0:27:47
2021-01-08 13:27:52+00:00,2021-01-08 13:34:49+00:00,0:06:57,0:27:21
2021-01-08 14:02:10+00:00,2021-01-08 14:08:37+00:00,0:06:27,0:27:21
2021-01-08 14:35:58+00:00,2021-01-08 14:42:44+00:00,0:06:46,0:28:09
2021-01-08 15:10:53+00:00,2021-01-08 15:18:05+00:00,0:07:12,0:27:54
2021-01-08 15:45:59+00:00,2021-01-08 15:53:04+00:00,0:07:05,0:29:05
2021-01-08 16:22:09+00:00,2021-01-08 16:28:52+00:00,0:06:43,0:28:25
2021-01-08 16:57:17+00:00,2021-01-08 17:04:04+00:00,0:06:47,0:26:06
2021-01-08 17:30:10+00:00,2021-01-08 17:37:21+00:00,0:07:11,0:23:12
2021-01-08 18:00:33+00:00,2021-01-08 18:07:41+00:00,0:07:08,0:19:00
2021-01-08 18:26:41+00:00,2021-01-08 18:33:40+00:00,0:06:59,0:16:21
2021-01-08 18:50:01+00:00,2021-01-08 18:56:03+00:00,0:06:02,0:17:40
2021-01-08 19:13:43+00:00,2021-01-08 19:19:42+00:00,0:05:59,0:20:12
2021-01-08 19:39:54+00:00,2021-01-08 19:46:15+00:00,0:06:21,0:21:20
2021-01-08 20:07:35+00:00,2021-01-08 20:13:51+00:00,0:06:16,0:23:27
2021-01-08 20:37:18+00:00,2021-01-08 20:43:40+00:00,0:06:22,0:24:26
2021-01-08 21:08:06+00:00,2021-01-08 21:14:29+00:00,0:06:23,0:25:25
2021-01-08 21:39:54+00:00,2021-01-08 21:46:38+00:00,0:06:44,0:24:12
2021-01-08 22:10:50+00:00,2021-01-08 22:17:35+00:00,0:06:45,0:21:08
2021-01-08 22:38:43+00:00,2021-01-08 22:45:15+00:00,0:06:32,0:24:01
2021-01-08 23:09:16+00:00,2021-01-08 23:15:38+00:00,0:06:22,0:24:55
2021-01-08 23:40:33+00:00,2021-01-08 23:47:09+00:00,0:06:36,0:25:06
2021-01-09 00:12:15+00:00,2021-01-09 00:19:03+00:00,0:06:48,0:25:38
2021-01-09 00:44:41+00:00,2021-01-09 00:51:20+00:00,0:06:39,0:26:51
2021-01-09 01:18:11+00:00,2021-01-09 01:24:41+00:00,0:06:30,0:27:30
2021-01-09 01:52:11+00:00,2021-01-09 01:58:40+00:00,0:06:29,0:27:45
2021-01-09 02:26:25+00:00,2021-01-09 02:33:25+00:00,0:07:00,0:27:31
2021-01-09 03:00:56+00:00,2021-01-09 03:07:43+00:00,0:06:47,0:26:38
2021-01-09 03:34:21+00:00,2021-01-09 03:40:41+00:00,0:06:20,0:27:23
2021-01-09 04:08:04+00:00,2021-01-09 04:14:37+00:00,0:06:33,0:27:46
2021-01-09 04:42:23+00:00,2021-01-09 04:48:32+00:00,0:06:09,0:27:38
2021-01-09 05:16:10+00:00,2021-01-09 05:22:38+00:00,0:06:28,0:27:41
2021-01-09 05:50:19+00:00,2021-01-09 05:56:50+00:00,0:06:31,0:27:46
2021-01-09 06:24:36+00:00,2021-01-09 06:31:30+00:00,0:06:54,0:27:56
2021-01-09 06:59:26+00:00,2021-01-09 07:06:01+00:00,0:06:35,0:27:18
2021-01-09 07:33:19+00:00,2021-01-09 07:40:22+00:00,0:07:03,0:28:42
2021-01-09 08:09:04+00:00,2021-01-09 08:15:39+00:00,0:06:35,0:29:05
2021-01-09 08:44:44+00:00,2021-01-09 08:51:18+00:00,0:06:34,0:29:16
2021-01-09 09:20:34+00:00,2021-01-09 09:27:05+00:00,0:06:31,0:29:07
2021-01-09 09:56:12+00:00,2021-01-09 10:02:50+00:00,0:06:38,0:28:59
2021-01-09 10:31:49+00:00,2021-01-09 10:38:31+00:00,0:06:42,0:29:06
2021-01-09 11:07:37+00:00,2021-01-09 11:14:23+00:00,0:06:46,0:29:37
2021-01-09 11:44:00+00:00,2021-01-09 11:50:47+00:00,0:06:47,0:30:12
2021-01-09 12:20:59+00:00,2021-01-09 12:28:14+00:00,0:07:15,0:30:04
2021-01-09 12:58:18+00:00,2021-01-09 13:05:21+00:00,0:07:03,0:30:04
2021-01-09 13:35:25+00:00,2021-01-09 13:42:24+00:00,0:06:59,0:29:55
2021-01-09 14:12:19+00:00,2021-01-09 14:19:14+00:00,0:06:55,0:30:00
2021-01-09 14:49:14+00:00,2021-01-09 14:56:25+00:00,0:07:11,0:29:59
2021-01-09 15:26:24+00:00,2021-01-09 15:33:13+00:00,0:06:49,0:30:12
2021-01-09 16:03:25+00:00,2021-01-09 16:10:39+00:00,0:07:14,0:29:48
2021-01-09 16:40:27+00:00,2021-01-09 16:47:43+00:00,0:07:16,0:29:22
2021-01-09 17:17:05+00:00,2021-01-09 17:23:48+00:00,0:06:43,0:28:03
2021-01-09 17:51:51+00:00,2021-01-09 17:58:09+00:00,0:06:18,0:26:31
2021-01-09 18:24:40+00:00,2021-01-09 18:31:26+00:00,0:06:46,0:26:19
2021-01-09 18:57:45+00:00,2021-01-09 19:04:48+00:00,0:07:03,0:27:04
2021-01-09 19:31:52+00:00,2021-01-09 19:38:16+00:00,0:06:24,0:26:38
2021-01-09 20:04:54+00:00,2021-01-09 20:11:43+00:00,0:06:49,0:26:41
2021-01-09 20:38:24+00:00,2021-01-09 20:44:59+00:00,0:06:35,0:27:51
2021-01-09 21:12:50+00:00,2021-01-09 21:19:42+00:00,0:06:52,0:27:58
2021-01-09 21:47:40+00:00,2021-01-09 21:54:21+00:00,0:06:41,0:28:39
2021-01-09 22:23:00+00:00,2021-01-09 22:29:53+00:00,0:06:53,0:29:11
2021-01-09 22:59:04+00:00,2021-01-09 23:05:43+00:00,0:06:39,0:29:41
2021-01-09 23:35:24+00:00,2021-01-09 23:42:15+00:00,0:06:51,0:29:03
2021-01-10 00:11:18+00:00,2021-01-10 00:18:25+00:00,0:07:07,0:29:55
2021-01-10 00:48:20+00:00,2021-01-10 00:55:40+00:00,0:07:20,0:30:12
2021-01-10 01:25:52+00:00,2021-01-10 01:32:53+00:00,0:07:01,0:30:20
2021-01-10 02:03:13+00:00,2021-01-10 02:10:04+00:00,0:06:51,0:30:19
2021-01-10 02:40:23+00:00,2021-01-10 02:47:25+00:00,0:07:02,0:29:55
2021-01-10 03:17:20+00:00,2021-01-10 03:24:14+00:00,0:06:54,0:30:01
2021-01-10 03:54:15+00:00,2021-01-10 04:00:48+00:00,0:06:33,0:30:02
2021-01-10 04:30:50+00:00,2021-01-10 04:37:59+00:00,0:07:09,0:29:31
2021-01-10 05:07:30+00:00,2021-01-10 05:14:40+00:00,0:07:10,0:30:13
2021-01-10 05:44:53+00:00,2021-01-10 05:51:54+00:00,0:07:01,0:30:30
2021-01-10 06:22:24+00:00,2021-01-10 06:29:11+00:00,0:06:47,0:30:34
2021-01-10 06:59:45+00:00,2021-01-10 07:06:57+00:00,0:07:12,0:30:59
2021-01-10 07:37:56+00:00,2021-01-10 07:45:01+00:00,0:07:05,0:30:28
2021-01-10 08:15:29+00:00,2021-01-10 08:22:23+00:00,0:06:54,0:30:28
2021-01-10 08:52:51+00:00,2021-01-10 08:59:20+00:00,0:06:29,0:29:59
2021-01-10 09:29:19+00:00,2021-01-10 09:36:24+00:00,0:07:05,0:30:13
2021-01-10 10:06:37+00:00,2021-01-10 10:13:19+00:00,0:06:42,0:30:18
2021-01-10 10:43:37+00:00,2021-01-10 10:50:26+00:00,0:06:49,0:29:29
2021-01-10 11:19:55+00:00,2021-01-10 11:26:28+00:00,0:06:33,0:29:31
2021-01-10 11:55:59+00:00,2021-01-10 12:02:29+00:00,0:06:30,0:29:09
2021-01-10 12:31:38+00:00,2021-01-10 12:38:19+00:00,0:06:41,0:28:57
2021-01-10 13:07:16+00:00,2021-01-10 13:13:55+00:00,0:06:39,0:28:59
2021-01-10 13:42:54+00:00,2021-01-10 13:49:54+00:00,0:07:00,0:29:10
2021-01-10 14:19:04+00:00,2021-01-10 14:26:07+00:00,0:07:03,0:29:02
2021-01-10 14:55:09+00:00,2021-01-10 15:02:15+00:00,0:07:06,0:29:29
2021-01-10 15:31:44+00:00,2021-01-10 15:39:00+00:00,0:07:16,0:29:05
2021-01-10 16:08:05+00:00,2021-01-10 16:15:24+00:00,0:07:19,0:29:10
2021-01-10 16:44:34+00:00,2021-01-10 16:51:30+00:00,0:06:56,0:28:27
2021-01-10 17:19:57+00:00,2021-01-10 17:26:52+00:00,0:06:55,0:28:31
2021-01-10 17:55:23+00:00,2021-01-10 18:02:32+00:00,0:07:09,0:20:16
2021-01-10 18:22:48+00:00,2021-01-10 18:29:24+00:00,0:06:36,0:20:28
2021-01-10 18:49:52+00:00,2021-01-10 18:56:07+00:00,0:06:15,0:26:01
2021-01-10 19:22:08+00:00,2021-01-10 19:28:54+00:00,0:06:46,0:23:24
2021-01-10 19:52:18+00:00,2021-01-10 19:59:15+00:00,0:06:57,0:26:44
2021-01-10 20:25:59+00:00,2021-01-10 20:32:45+00:00,0:06:46,0:23:08
2021-01-10 20:55:53+00:00,2021-01-10 21:02:42+00:00,0:06:49,0:26:06
2021-01-10 21:28:48+00:00,2021-01-10 21:35:30+00:00,0:06:42,0:22:47
2021-01-10 21:58:17+00:00,2021-01-10 22:05:08+00:00,0:06:51,0:25:35
2021-01-10 22:30:43+00:00,2021-01-10 22:37:50+00:00,0:07:07,0:25:38
2021-01-10 23:03:28+00:00,2021-01-10 23:10:34+00:00,0:07:06,0:26:07
2021-01-10 23:36:41+00:00,2021-01-10 23:43:36+00:00,0:06:55,0:26:55
2021-01-11 00:10:31+00:00,2021-01-11 00:17:23+00:00,0:06:52,0:27:07
2021-01-11 00:44:30+00:00,2021-01-11 00:51:21+00:00,0:06:51,0:27:33
2021-01-11 01:18:54+00:00,2021-01-11 01:25:40+00:00,0:06:46,0:27:24
2021-01-11 01:53:04+00:00,2021-01-11 02:00:04+00:00,0:07:00,0:27:48
2021-01-11 02:27:52+00:00,2021-01-11 02:34:58+00:00,0:07:06,0:28:20
2021-01-11 03:03:18+00:00,2021-01-11 03:10:00+00:00,0:06:42,0:28:11
2021-01-11 03:38:11+00:00,2021-01-11 03:45:13+00:00,0:07:02,0:27:59
2021-01-11 04:13:12+00:00,2021-01-11 04:19:58+00:00,0:06:46,0:27:31
2021-01-11 04:47:29+00:00,2021-01-11 04:54:44+00:00,0:07:15,0:27:35
2021-01-11 05:22:19+00:00,2021-01-11 05:29:09+00:00,0:06:50,0:28:01
2021-01-11 05:57:10+00:00,2021-01-11 06:04:10+00:00,0:07:00,0:20:37
2021-01-11 06:24:47+00:00,2021-01-11 06:31:14+00:00,0:06:27,0:25:27
2021-01-11 06:56:41+00:00,2021-01-11 07:03:29+00:00,0:06:48,0:24:48
2021-01-11 07:28:17+00:00,2021-01-11 07:35:09+00:00,0:06:52,0:25:28
2021-01-11 08:00:37+00:00,2021-01-11 08:07:18+00:00,0:06:41,0:26:18
2021-01-11 08:33:36+00:00,2021-01-11 08:40:18+00:00,0:06:42,0:26:51
2021-01-11 09:07:09+00:00,2021-01-11 09:14:15+00:00,0:07:06,0:27:14
2021-01-11 09:41:29+00:00,2021-01-11 09:48:26+00:00,0:06:57,0:27:35
2021-01-11 10:16:01+00:00,2021-01-11 10:22:59+00:00,0:06:58,0:27:42
2021-01-11 10:50:41+00:00,2021-01-11 10:57:51+00:00,0:07:10,0:27:59
2021-01-11 11:25:50+00:00,2021-01-11 11:32:40+00:00,0:06:50,0:28:45
2021-01-11 12:01:25+00:00,2021-01-11 12:08:12+00:00,0:06:47,0:28:55
2021-01-11 12:37:07+00:00,2021-01-11 12:43:57+00:00,0:06:50,0:28:41
2021-01-11 13:12:38+00:00,2021-01-11 13:19:34+00:00,0:06:56,0:28:30
2021-01-11 13:48:04+00:00,2021-01-11 13:55:05+00:00,0:07:01,0:28:23
2021-01-11 14:23:28+00:00,2021-01-11 14:30:33+00:00,0:07:05,0:28:16
2021-01-11 14:58:49+00:00,2021-01-11 15:05:50+00:00,0:07:01,0:29:13
2021-01-11 15:35:03+00:00,2021-01-11 15:42:16+00:00,0:07:13,0:28:48
2021-01-11 16:11:04+00:00,2021-01-11 16:18:18+00:00,0:07:14,0:29:29
2021-01-11 16:47:47+00:00,2021-01-11 16:54:41+00:00,0:06:54,0:29:22
2021-01-11 17:24:03+00:00,2021-01-11 17:31:06+00:00,0:07:03,0:28:04
2021-01-11 17:59:10+00:00,2021-01-11 18:06:13+00:00,0:07:03,0:26:47
2021-01-11 18:33:00+00:00,2021-01-11 18:39:59+00:00,0:06:59,0:23:59
2021-01-11 19:03:58+00:00,2021-01-11 19:10:39+00:00,0:06:41,0:28:17
2021-01-11 19:38:56+00:00,2021-01-11 19:46:13+00:00,0:07:17,0:24:13
2021-01-11 20:10:26+00:00,2021-01-11 20:17:26+00:00,0:07:00,0:25:13
2021-01-11 20:42:39+00:00,2021-01-11 20:49:17+00:00,0:06:38,0:26:34
2021-01-11 21:15:51+00:00,2021-01-11 21:22:31+00:00,0:06:40,0:23:53
2021-01-11 21:46:24+00:00,2021-01-11 21:52:47+00:00,0:06:23,0:26:24
2021-01-11 22:19:11+00:00,2021-01-11 22:25:45+00:00,0:06:34,0:20:38
2021-01-11 22:46:23+00:00,2021-01-11 22:52:48+00:00,0:06:25,0:23:50
2021-01-11 23:16:38+00:00,2021-01-11 23:22:55+00:00,0:06:17,0:24:59
2021-01-11 23:47:54+00:00,2021-01-11 23:54:03+00:00,0:06:09,0:25:16
2021-01-12 00:19:19+00:00,2021-01-12 00:25:28+00:00,0:06:09,0:25:53
2021-01-12 00:51:21+00:00,2021-01-12 00:57:33+00:00,0:06:12,0:26:03
2021-01-12 01:23:36+00:00,2021-01-12 01:29:47+00:00,0:06:11,0:26:43
2021-01-12 01:56:30+00:00,2021-01-12 02:02:45+00:00,0:06:15,0:26:52
2021-01-12 02:29:37+00:00,2021-01-12 02:35:56+00:00,0:06:19,0:28:12
2021-01-12 03:04:08+00:00,2021-01-12 03:10:45+00:00,0:06:37,0:27:44
2021-01-12 03:38:29+00:00,2021-01-12 03:45:00+00:00,0:06:31,0:29:02
2021-01-12 04:14:02+00:00,2021-01-12 04:20:25+00:00,0:06:23,0:28:57
2021-01-12 04:49:22+00:00,2021-01-12 04:55:51+00:00,0:06:29,0:29:06
2021-01-12 05:24:57+00:00,2021-01-12 05:31:24+00:00,0:06:27,0:29:17
2021-01-12 06:00:41+00:00,2021-01-12 06:07:22+00:00,0:06:41,0:27:02
2021-01-12 06:34:24+00:00,2021-01-12 06:40:44+00:00,0:06:20,0:28:54
2021-01-12 07:09:38+00:00,2021-01-12 07:16:03+00:00,0:06:25,0:29:21
2021-01-12 07:45:24+00:00,2021-01-12 07:52:22+00:00,0:06:58,0:30:12
2021-01-12 08:22:34+00:00,2021-01-12 08:29:16+00:00,0:06:42,0:31:02
2021-01-12 09:00:18+00:00,2021-01-12 09:07:20+00:00,0:07:02,0:31:36
2021-01-12 09:38:56+00:00,2021-01-12 09:45:39+00:00,0:06:43,0:32:08
2021-01-12 10:17:47+00:00,2021-01-12 10:24:42+00:00,0:06:55,0:32:01
2021-01-12 10:56:43+00:00,2021-01-12 11:04:06+00:00,0:07:23,0:31:40
2021-01-12 11:35:46+00:00,2021-01-12 11:42:56+00:00,0:07:10,0:31:30
2021-01-12 12:14:26+00:00,2021-01-12 12:21:13+00:00,0:06:47,0:30:53
2021-01-12 12:52:06+00:00,2021-01-12 12:58:44+00:00,0:06:38,0:30:30
2021-01-12 13:29:14+00:00,2021-01-12 13:36:21+00:00,0:07:07,0:29:53
2021-01-12 14:06:14+00:00,2021-01-12 14:13:29+00:00,0:07:15,0:30:12
2021-01-12 14:43:41+00:00,2021-01-12 14:50:34+00:00,0:06:53,0:29:51
2021-01-12 15:20:25+00:00,2021-01-12 15:27:18+00:00,0:06:53,0:29:59
2021-01-12 15:57:17+00:00,2021-01-12 16:04:17+00:00,0:07:00,0:30:29
2021-01-12 16:34:46+00:00,2021-01-12 16:41:50+00:00,0:07:04,0:30:20
2021-01-12 17:12:10+00:00,2021-01-12 17:18:58+00:00,0:06:48,0:30:46
2021-01-12 17:49:44+00:00,2021-01-12 17:57:04+00:00,0:07:20,0:23:07
2021-01-12 18:20:11+00:00,2021-01-12 18:27:20+00:00,0:07:09,0:23:30
2021-01-12 18:50:50+00:00,2021-01-12 18:57:30+00:00,0:06:40,0:25:31
2021-01-12 19:23:01+00:00,2021-01-12 19:29:52+00:00,0:06:51,0:24:34
2021-01-12 19:54:26+00:00,2021-01-12 20:00:51+00:00,0:06:25,0:26:56
2021-01-12 20:27:47+00:00,2021-01-12 20:34:18+00:00,0:06:31,0:27:10
2021-01-12 21:01:28+00:00,2021-01-12 21:08:13+00:00,0:06:45,0:27:43
2021-01-12 21:35:56+00:00,2021-01-12 21:42:14+00:00,0:06:18,0:27:48
2021-01-12 22:10:02+00:00,2021-01-12 22:16:45+00:00,0:06:43,0:27:31
2021-01-12 22:44:16+00:00,2021-01-12 22:50:39+00:00,0:06:23,0:22:44
2021-01-12 23:13:23+00:00,2021-01-12 23:20:12+00:00,0:06:49,0:23:14
2021-01-12 23:43:26+00:00,2021-01-12 23:49:41+00:00,0:06:15,0:25:49
2021-01-13 00:15:30+00:00,2021-01-13 00:21:40+00:00,0:06:10,0:26:05
2021-01-13 00:47:45+00:00,2021-01-13 00:53:57+00:00,0:06:12,0:26:16
2021-01-13 01:20:13+00:00,2021-01-13 01:26:23+00:00,0:06:10,0:26:40
2021-01-13 01:53:03+00:00,2021-01-13 01:59:41+00:00,0:06:38,0:27:14
2021-01-13 02:26:55+00:00,2021-01-13 02:33:27+00:00,0:06:32,0:27:51
2021-01-13 03:01:18+00:00,2021-01-13 03:08:06+00:00,0:06:48,0:29:15
2021-01-13 03:37:21+00:00,2021-01-13 03:43:58+00:00,0:06:37,0:28:30
2021-01-13 04:12:28+00:00,2021-01-13 04:19:01+00:00,0:06:33,0:29:12
2021-01-13 04:48:13+00:00,2021-01-13 04:54:47+00:00,0:06:34,0:29:21
2021-01-13 05:24:08+00:00,2021-01-13 05:30:51+00:00,0:06:43,0:29:18
2021-01-13 06:00:09+00:00,2021-01-13 06:06:55+00:00,0:06:46,0:29:27
2021-01-13 06:36:22+00:00,2021-01-13 06:43:26+00:00,0:07:04,0:26:01
2021-01-13 07:09:27+00:00,2021-01-13 07:16:02+00:00,0:06:35,0:27:22
2021-01-13 07:43:24+00:00,2021-01-13 07:50:09+00:00,0:06:45,0:27:21
2021-01-13 08:17:30+00:00,2021-01-13 08:24:11+00:00,0:06:41,0:27:36
2021-01-13 08:51:47+00:00,2021-01-13 08:58:36+00:00,0:06:49,0:27:57
2021-01-13 09:26:33+00:00,2021-01-13 09:33:37+00:00,0:07:04,0:28:26
2021-01-13 10:02:03+00:00,2021-01-13 10:09:47+00:00,0:07:44,0:21:54
2021-01-13 10:31:41+00:00,2021-01-13 10:38:10+00:00,0:06:29,0:27:07
2021-01-13 11:05:17+00:00,2021-01-13 11:12:13+00:00,0:06:56,0:27:56
2021-01-13 11:40:09+00:00,2021-01-13 11:47:14+00:00,0:07:05,0:28:21
2021-01-13 12:15:35+00:00,2021-01-13 12:22:32+00:00,0:06:57,0:28:06
2021-01-13 12:50:38+00:00,2021-01-13 12:57:16+00:00,0:06:38,0:27:44
2021-01-13 13:25:00+00:00,2021-01-13 13:31:59+00:00,0:06:59,0:27:46
2021-01-13 13:59:45+00:00,2021-01-13 14:06:02+00:00,0:06:17,0:22:58
2021-01-13 14:29:00+00:00,2021-01-13 14:42:17+00:00,0:13:17,0:18:14
2021-01-13 15:00:31+00:00,2021-01-13 15:09:52+00:00,0:09:21,0:19:38
2021-01-13 15:29:30+00:00,2021-01-13 15:38:42+00:00,0:09:12,0:20:33
2021-01-13 15:59:15+00:00,2021-01-13 16:08:16+00:00,0:09:01,0:22:20
2021-01-13 16:30:36+00:00,2021-01-13 16:39:47+00:00,0:09:11,0:23:19
2021-01-13 17:03:06+00:00,2021-01-13 17:12:02+00:00,0:08:56,0:19:14
2021-01-13 17:31:16+00:00,2021-01-13 17:40:13+00:00,0:08:57,0:22:18
2021-01-13 18:02:31+00:00,2021-01-13 18:11:52+00:00,0:09:21,0:20:34
2021-01-13 18:32:26+00:00,2021-01-13 18:40:52+00:00,0:08:26,0:23:23
2021-01-13 19:04:15+00:00,2021-01-13 19:12:52+00:00,0:08:37,0:24:49
2021-01-13 19:37:41+00:00,2021-01-13 19:46:32+00:00,0:08:51,0:25:51
2021-01-13 20:12:23+00:00,2021-01-13 20:21:35+00:00,0:09:12,0:26:44
2021-01-13 20:48:19+00:00,2021-01-13 20:57:34+00:00,0:09:15,0:21:42
2021-01-13 21:19:16+00:00,2021-01-13 21:28:04+00:00,0:08:48,0:27:26
2021-01-13 21:55:30+00:00,2021-01-13 22:04:50+00:00,0:09:20,0:28:43
2021-01-13 22:33:33+00:00,2021-01-13 22:42:36+00:00,0:09:03,0:29:45
2021-01-13 23:12:21+00:00,2021-01-13 23:21:53+00:00,0:09:32,0:30:42
2021-01-13 23:52:35+00:00,2021-01-14 00:01:48+00:00,0:09:13,0:31:45
2021-01-14 00:33:33+00:00,2021-01-14 00:42:50+00:00,0:09:17,0:32:06
2021-01-14 01:14:56+00:00,2021-01-14 01:24:05+00:00,0:09:09,0:32:30
2021-01-14 01:56:35+00:00,2021-01-14 02:05:45+00:00,0:09:10,0:33:30
2021-01-14 02:39:15+00:00,2021-01-14 02:48:48+00:00,0:09:33,0:34:03
2021-01-14 03:22:51+00:00,2021-01-14 03:32:32+00:00,0:09:41,0:35:05
2021-01-14 04:07:37+00:00,2021-01-14 04:17:07+00:00,0:09:30,0:36:21
2021-01-14 04:53:28+00:00,2021-01-14 05:03:08+00:00,0:09:40,0:37:16
2021-01-14 05:40:24+00:00,2021-01-14 05:50:02+00:00,0:09:38,0:32:45
2021-01-14 06:22:47+00:00,2021-01-14 06:32:26+00:00,0:09:39,0:37:10
2021-01-14 07:09:36+00:00,2021-01-14 07:19:11+00:00,0:09:35,0:38:36
2021-01-14 07:57:47+00:00,2021-01-14 08:07:38+00:00,0:09:51,0:39:01
2021-01-14 08:46:39+00:00,2021-01-14 08:56:33+00:00,0:09:54,0:38:49
2021-01-14 09:35:22+00:00,2021-01-14 09:45:23+00:00,0:10:01,0:39:44
2021-01-14 10:25:07+00:00,2021-01-14 10:34:52+00:00,0:09:45,0:39:45
2021-01-14 11:14:37+00:00,2021-01-14 11:24:44+00:00,0:10:07,0:32:04
2021-01-14 11:56:48+00:00,2021-01-14 12:06:07+00:00,0:09:19,0:38:29
2021-01-14 12:44:36+00:00,2021-01-14 12:54:13+00:00,0:09:37,0:38:26
2021-01-14 13:32:39+00:00,2021-01-14 13:42:05+00:00,0:09:26,0:39:17
2021-01-14 14:21:22+00:00,2021-01-14 14:31:13+00:00,0:09:51,0:39:44
2021-01-14 15:10:57+00:00,2021-01-14 15:20:35+00:00,0:09:38,0:36:58
2021-01-14 15:57:33+00:00,2021-01-14 16:07:23+00:00,0:09:50,0:40:21
2021-01-14 16:47:44+00:00,2021-01-14 16:57:47+00:00,0:10:03,0:34:14
2021-01-14 17:32:01+00:00,2021-01-14 17:42:05+00:00,0:10:04,0:24:50
2021-01-14 18:06:55+00:00,2021-01-14 18:16:43+00:00,0:09:48,0:27:31
2021-01-14 18:44:14+00:00,2021-01-14 18:53:23+00:00,0:09:09,0:30:06
2021-01-14 19:23:29+00:00,2021-01-14 19:32:39+00:00,0:09:10,0:32:38
2021-01-14 20:05:17+00:00,2021-01-14 20:14:41+00:00,0:09:24,0:33:19
2021-01-14 20:48:00+00:00,2021-01-14 20:57:07+00:00,0:09:07,0:35:05
2021-01-14 21:32:12+00:00,2021-01-14 21:41:36+00:00,0:09:24,0:35:46
2021-01-14 22:17:22+00:00,2021-01-14 22:26:51+00:00,0:09:29,0:36:37
2021-01-14 23:03:28+00:00,2021-01-14 23:12:46+00:00,0:09:18,0:37:39
2021-01-14 23:50:25+00:00,2021-01-15 00:00:07+00:00,0:09:42,0:38:05
2021-01-15 00:38:12+00:00,2021-01-15 00:47:42+00:00,0:09:30,0:38:31
2021-01-15 01:26:13+00:00,2021-01-15 01:35:55+00:00,0:09:42,0:39:07
2021-01-15 02:15:02+00:00,2021-01-15 02:24:46+00:00,0:09:44,0:39:09
2021-01-15 03:03:55+00:00,2021-01-15 03:13:17+00:00,0:09:22,0:40:16
2021-01-15 03:53:33+00:00,2021-01-15 04:03:11+00:00,0:09:38,0:40:26
2021-01-15 04:43:37+00:00,2021-01-15 04:52:46+00:00,0:09:09,0:40:47
2021-01-15 05:33:33+00:00,2021-01-15 05:43:09+00:00,0:09:36,0:32:25
2021-01-15 06:15:34+00:00,2021-01-15 06:24:31+00:00,0:08:57,0:39:11
2021-01-15 07:03:42+00:00,2021-01-15 07:13:00+00:00,0:09:18,0:38:50
2021-01-15 07:51:50+00:00,2021-01-15 08:01:10+00:00,0:09:20,0:39:19
2021-01-15 08:40:29+00:00,2021-01-15 08:49:31+00:00,0:09:02,0:39:55
2021-01-15 09:29:26+00:00,2021-01-15 09:38:35+00:00,0:09:09,0:40:15
2021-01-15 10:18:50+00:00,2021-01-15 10:28:17+00:00,0:09:27,0:40:27
2021-01-15 11:08:44+00:00,2021-01-15 11:17:51+00:00,0:09:07,0:21:22
2021-01-15 11:39:13+00:00,2021-01-15 11:48:23+00:00,0:09:10,0:22:59
2021-01-15 12:11:22+00:00,2021-01-15 12:19:54+00:00,0:08:32,0:00:25
2021-01-15 12:20:19+00:00,2021-01-15 12:33:02+00:00,0:12:43,0:25:51
2021-01-15 12:58:53+00:00,2021-01-15 13:07:14+00:00,0:08:21,0:23:35
2021-01-15 13:30:49+00:00,2021-01-15 13:39:05+00:00,0:08:16,0:26:20
2021-01-15 14:05:25+00:00,2021-01-15 14:13:58+00:00,0:08:33,0:27:14
2021-01-15 14:41:12+00:00,2021-01-15 14:49:34+00:00,0:08:22,0:28:29
2021-01-15 15:18:03+00:00,2021-01-15 15:26:34+00:00,0:08:31,0:28:24
2021-01-15 15:54:58+00:00,2021-01-15 16:03:17+00:00,0:08:19,0:28:58
2021-01-15 16:32:15+00:00,2021-01-15 16:40:41+00:00,0:08:26,0:27:44
2021-01-15 17:08:25+00:00,2021-01-15 17:16:27+00:00,0:08:02,0:25:23
2021-01-15 17:41:50+00:00,2021-01-15 17:50:20+00:00,0:08:30,0:26:05
2021-01-15 18:16:25+00:00,2021-01-15 18:25:02+00:00,0:08:37,0:20:38
2021-01-15 18:45:40+00:00,2021-01-15 18:53:40+00:00,0:08:00,0:24:56
2021-01-15 19:18:36+00:00,2021-01-15 19:26:57+00:00,0:08:21,0:27:41
2021-01-15 19:54:38+00:00,2021-01-15 20:02:52+00:00,0:08:14,0:23:16
2021-01-15 20:26:08+00:00,2021-01-15 20:34:40+00:00,0:08:32,0:19:40
2021-01-15 20:54:20+00:00,2021-01-15 21:02:33+00:00,0:08:13,0:17:19
2021-01-15 21:19:52+00:00,2021-01-15 21:27:26+00:00,0:07:34,0:21:02
2021-01-15 21:48:28+00:00,2021-01-15 21:55:55+00:00,0:07:27,0:22:09
2021-01-15 22:18:04+00:00,2021-01-15 22:25:27+00:00,0:07:23,0:23:51
2021-01-15 22:49:18+00:00,2021-01-15 22:56:47+00:00,0:07:29,0:24:19
2021-01-15 23:21:06+00:00,2021-01-15 23:28:21+00:00,0:07:15,0:24:51
2021-01-15 23:53:12+00:00,2021-01-16 00:00:39+00:00,0:07:27,0:24:57
2021-01-16 00:25:36+00:00,2021-01-16 00:32:53+00:00,0:07:17,0:26:08
2021-01-16 00:59:01+00:00,2021-01-16 01:06:30+00:00,0:07:29,0:26:18
2021-01-16 01:32:48+00:00,2021-01-16 01:40:12+00:00,0:07:24,0:26:38
2021-01-16 02:06:50+00:00,2021-01-16 02:14:16+00:00,0:07:26,0:27:02
2021-01-16 02:41:18+00:00,2021-01-16 02:48:42+00:00,0:07:24,0:27:53
2021-01-16 03:16:35+00:00,2021-01-16 03:23:49+00:00,0:07:14,0:28:21
2021-01-16 03:52:10+00:00,2021-01-16 03:59:23+00:00,0:07:13,0:28:17
2021-01-16 04:27:40+00:00,2021-01-16 04:34:55+00:00,0:07:15,0:28:21
2021-01-16 05:03:16+00:00,2021-01-16 05:10:21+00:00,0:07:05,0:29:31
2021-01-16 05:39:52+00:00,2021-01-16 05:47:42+00:00,0:07:50,0:29:55
2021-01-16 06:17:37+00:00,2021-01-16 06:24:57+00:00,0:07:20,0:29:59
2021-01-16 06:54:56+00:00,2021-01-16 07:02:33+00:00,0:07:37,0:29:16
2021-01-16 07:31:49+00:00,2021-01-16 07:38:53+00:00,0:07:04,0:28:36
2021-01-16 08:07:29+00:00,2021-01-16 08:14:57+00:00,0:07:28,0:29:20
2021-01-16 08:44:17+00:00,2021-01-16 08:51:23+00:00,0:07:06,0:29:44
2021-01-16 09:21:07+00:00,2021-01-16 09:28:16+00:00,0:07:09,0:30:38
2021-01-16 09:58:54+00:00,2021-01-16 10:06:18+00:00,0:07:24,0:31:16
2021-01-16 10:37:34+00:00,2021-01-16 10:44:52+00:00,0:07:18,0:31:27
2021-01-16 11:16:19+00:00,2021-01-16 11:23:58+00:00,0:07:39,0:31:22
2021-01-16 11:55:20+00:00,2021-01-16 12:03:03+00:00,0:07:43,0:31:33
2021-01-16 12:34:36+00:00,2021-01-16 12:42:12+00:00,0:07:36,0:31:23
2021-01-16 13:13:35+00:00,2021-01-16 13:20:56+00:00,0:07:21,0:31:35
2021-01-16 13:52:31+00:00,2021-01-16 14:00:26+00:00,0:07:55,0:31:05
2021-01-16 14:31:31+00:00,2021-01-16 14:39:13+00:00,0:07:42,0:30:58
2021-01-16 15:10:11+00:00,2021-01-16 15:17:56+00:00,0:07:45,0:31:27
2021-01-16 15:49:23+00:00,2021-01-16 15:56:45+00:00,0:07:22,0:31:38
2021-01-16 16:28:23+00:00,2021-01-16 16:35:47+00:00,0:07:24,0:32:21
2021-01-16 17:08:08+00:00,2021-01-16 17:15:38+00:00,0:07:30,0:32:11
2021-01-16 17:47:49+00:00,2021-01-16 17:55:37+00:00,0:07:48,0:30:54
2021-01-16 18:26:31+00:00,2021-01-16 18:34:03+00:00,0:07:32,0:25:13
2021-01-16 18:59:16+00:00,2021-01-16 19:07:00+00:00,0:07:44,0:24:16
2021-01-16 19:31:16+00:00,2021-01-16 19:37:57+00:00,0:06:41,0:23:24
2021-01-16 20:01:21+00:00,2021-01-16 20:08:16+00:00,0:06:55,0:23:51
2021-01-16 20:32:07+00:00,2021-01-16 20:38:51+00:00,0:06:44,0:26:28
2021-01-16 21:05:19+00:00,2021-01-16 21:12:06+00:00,0:06:47,0:27:47
2021-01-16 21:39:53+00:00,2021-01-16 21:46:37+00:00,0:06:44,0:28:30
2021-01-16 22:15:07+00:00,2021-01-16 22:22:15+00:00,0:07:08,0:27:57
2021-01-16 22:50:12+00:00,2021-01-16 22:57:02+00:00,0:06:50,0:29:26
2021-01-16 23:26:28+00:00,2021-01-16 23:33:37+00:00,0:07:09,0:29:40
2021-01-17 00:03:17+00:00,2021-01-17 00:10:33+00:00,0:07:16,0:30:07
2021-01-17 00:40:40+00:00,2021-01-17 00:47:55+00:00,0:07:15,0:30:47
2021-01-17 01:18:42+00:00,2021-01-17 01:25:51+00:00,0:07:09,0:31:32
2021-01-17 01:57:23+00:00,2021-01-17 02:04:53+00:00,0:07:30,0:31:41
2021-01-17 02:36:34+00:00,2021-01-17 02:43:58+00:00,0:07:24,0:31:20
2021-01-17 03:15:18+00:00,2021-01-17 03:22:36+00:00,0:07:18,0:31:20
2021-01-17 03:53:56+00:00,2021-01-17 04:00:59+00:00,0:07:03,0:31:31
2021-01-17 04:32:30+00:00,2021-01-17 04:39:26+00:00,0:06:56,0:30:44
2021-01-17 05:10:10+00:00,2021-01-17 05:17:01+00:00,0:06:51,0:10:46
2021-01-17 05:27:47+00:00,2021-01-17 05:33:11+00:00,0:05:24,0:34:28
2021-01-17 06:07:39+00:00,2021-01-17 06:14:41+00:00,0:07:02,0:24:56
2021-01-17 06:39:37+00:00,2021-01-17 06:46:27+00:00,0:06:50,0:25:08
2021-01-17 07:11:35+00:00,2021-01-17 07:18:14+00:00,0:06:39,0:26:59
2021-01-17 07:45:13+00:00,2021-01-17 07:52:14+00:00,0:07:01,0:27:45
2021-01-17 08:19:59+00:00,2021-01-17 08:26:49+00:00,0:06:50,0:28:14
2021-01-17 08:55:03+00:00,2021-01-17 09:01:43+00:00,0:06:40,0:29:13
2021-01-17 09:30:56+00:00,2021-01-17 09:37:52+00:00,0:06:56,0:29:26
2021-01-17 10:07:18+00:00,2021-01-17 10:14:13+00:00,0:06:55,0:30:28
2021-01-17 10:44:41+00:00,2021-01-17 10:51:53+00:00,0:07:12,0:30:32
2021-01-17 11:22:25+00:00,2021-01-17 11:29:31+00:00,0:07:06,0:30:57
2021-01-17 12:00:28+00:00,2021-01-17 12:07:38+00:00,0:07:10,0:30:20
2021-01-17 12:37:58+00:00,2021-01-17 12:44:48+00:00,0:06:50,0:30:40
2021-01-17 13:15:28+00:00,2021-01-17 13:21:59+00:00,0:06:31,0:29:33
2021-01-17 13:51:32+00:00,2021-01-17 13:58:27+00:00,0:06:55,0:29:18
2021-01-17 14:27:45+00:00,2021-01-17 14:34:22+00:00,0:06:37,0:29:40
2021-01-17 15:04:02+00:00,2021-01-17 15:10:50+00:00,0:06:48,0:29:59
2021-01-17 15:40:49+00:00,2021-01-17 15:47:53+00:00,0:07:04,0:29:44
2021-01-17 16:17:37+00:00,2021-01-17 16:24:36+00:00,0:06:59,0:29:57
2021-01-17 16:54:33+00:00,2021-01-17 17:01:45+00:00,0:07:12,0:30:35
2021-01-17 17:32:20+00:00,2021-01-17 17:39:12+00:00,0:06:52,0:28:24
2021-01-17 18:07:36+00:00,2021-01-17 18:14:37+00:00,0:07:01,0:26:09
2021-01-17 18:40:46+00:00,2021-01-17 18:47:19+00:00,0:06:33,0:21:08
2021-01-17 19:08:27+00:00,2021-01-17 19:15:08+00:00,0:06:41,0:26:31
2021-01-17 19:41:39+00:00,2021-01-17 19:48:29+00:00,0:06:50,0:22:09
2021-01-17 20:10:38+00:00,2021-01-17 20:17:13+00:00,0:06:35,0:23:49
2021-01-17 20:41:02+00:00,2021-01-17 20:48:07+00:00,0:07:05,0:27:14
2021-01-17 21:15:21+00:00,2021-01-17 21:22:02+00:00,0:06:41,0:20:19
2021-01-17 21:42:21+00:00,2021-01-17 21:48:50+00:00,0:06:29,0:20:10
2021-01-17 22:09:00+00:00,2021-01-17 22:15:39+00:00,0:06:39,0:21:05
2021-01-17 22:36:44+00:00,2021-01-17 22:43:10+00:00,0:06:26,0:22:41
2021-01-17 23:05:51+00:00,2021-01-17 23:12:18+00:00,0:06:27,0:24:01
2021-01-17 23:36:19+00:00,2021-01-17 23:42:39+00:00,0:06:20,0:25:03
2021-01-18 00:07:42+00:00,2021-01-18 00:14:07+00:00,0:06:25,0:25:55
2021-01-18 00:40:02+00:00,2021-01-18 00:47:02+00:00,0:07:00,0:26:25
2021-01-18 01:13:27+00:00,2021-01-18 01:20:08+00:00,0:06:41,0:27:27
2021-01-18 01:47:35+00:00,2021-01-18 01:54:19+00:00,0:06:44,0:28:28
2021-01-18 02:22:47+00:00,2021-01-18 02:29:37+00:00,0:06:50,0:28:30
2021-01-18 02:58:07+00:00,2021-01-18 03:04:48+00:00,0:06:41,0:28:45
2021-01-18 03:33:33+00:00,2021-01-18 03:40:32+00:00,0:06:59,0:28:48
2021-01-18 04:09:20+00:00,2021-01-18 04:16:02+00:00,0:06:42,0:28:20
2021-01-18 04:44:22+00:00,2021-01-18 04:51:02+00:00,0:06:40,0:29:13
2021-01-18 05:20:15+00:00,2021-01-18 05:26:46+00:00,0:06:31,0:29:15
2021-01-18 05:56:01+00:00,2021-01-18 06:03:02+00:00,0:07:01,0:26:21
2021-01-18 06:29:23+00:00,2021-01-18 06:36:04+00:00,0:06:41,0:30:16
2021-01-18 07:06:20+00:00,2021-01-18 07:13:17+00:00,0:06:57,0:30:32
2021-01-18 07:43:49+00:00,2021-01-18 07:50:33+00:00,0:06:44,0:30:53
2021-01-18 08:21:26+00:00,2021-01-18 08:28:11+00:00,0:06:45,0:30:34
2021-01-18 08:58:45+00:00,2021-01-18 09:05:58+00:00,0:07:13,0:30:48
2021-01-18 09:36:46+00:00,2021-01-18 09:43:50+00:00,0:07:04,0:30:37
2021-01-18 10:14:27+00:00,2021-01-18 10:21:11+00:00,0:06:44,0:30:32
2021-01-18 10:51:43+00:00,2021-01-18 10:59:08+00:00,0:07:25,0:28:09
2021-01-18 11:27:17+00:00,2021-01-18 11:34:24+00:00,0:07:07,0:28:05
2021-01-18 12:02:29+00:00,2021-01-18 12:09:40+00:00,0:07:11,0:23:20
2021-01-18 12:33:00+00:00,2021-01-18 12:39:32+00:00,0:06:32,0:20:59
2021-01-18 13:00:31+00:00,2021-01-18 13:06:48+00:00,0:06:17,0:23:55
2021-01-18 13:30:43+00:00,2021-01-18 13:37:02+00:00,0:06:19,0:25:29
2021-01-18 14:02:31+00:00,2021-01-18 14:08:50+00:00,0:06:19,0:25:44
2021-01-18 14:34:34+00:00,2021-01-18 14:41:07+00:00,0:06:33,0:25:53
2021-01-18 15:07:00+00:00,2021-01-18 15:13:50+00:00,0:06:50,0:26:05
2021-01-18 15:39:55+00:00,2021-01-18 15:46:20+00:00,0:06:25,0:26:41
2021-01-18 16:13:01+00:00,2021-01-18 16:19:45+00:00,0:06:44,0:26:43
2021-01-18 16:46:28+00:00,2021-01-18 16:53:05+00:00,0:06:37,0:25:14
2021-01-18 17:18:19+00:00,2021-01-18 17:24:52+00:00,0:06:33,0:22:04
2021-01-18 17:46:56+00:00,2021-01-18 17:53:07+00:00,0:06:11,0:17:56
2021-01-18 18:11:03+00:00,2021-01-18 18:17:14+00:00,0:06:11,0:22:22
2021-01-18 18:39:36+00:00,2021-01-18 18:45:41+00:00,0:06:05,0:21:34
2021-01-18 19:07:15+00:00,2021-01-18 19:13:32+00:00,0:06:17,0:19:05
2021-01-18 19:32:37+00:00,2021-01-18 19:39:02+00:00,0:06:25,0:17:00
2021-01-18 19:56:02+00:00,2021-01-18 20:02:39+00:00,0:06:37,0:18:49
2021-01-18 20:21:28+00:00,2021-01-18 20:27:44+00:00,0:06:16,0:20:46
2021-01-18 20:48:30+00:00,2021-01-18 20:54:43+00:00,0:06:13,0:18:05
2021-01-18 21:12:48+00:00,2021-01-18 21:19:17+00:00,0:06:29,0:19:59
2021-01-18 21:39:16+00:00,2021-01-18 21:45:24+00:00,0:06:08,0:20:59
2021-01-18 22:06:23+00:00,2021-01-18 22:13:14+00:00,0:06:51,0:21:50
2021-01-18 22:35:04+00:00,2021-01-18 22:41:25+00:00,0:06:21,0:23:03
2021-01-18 23:04:28+00:00,2021-01-18 23:10:41+00:00,0:06:13,0:23:19
2021-01-18 23:34:00+00:00,2021-01-18 23:40:38+00:00,0:06:38,0:23:21
2021-01-19 00:03:59+00:00,2021-01-19 00:10:43+00:00,0:06:44,0:23:35
2021-01-19 00:34:18+00:00,2021-01-19 00:40:31+00:00,0:06:13,0:23:39
2021-01-19 01:04:10+00:00,2021-01-19 01:10:05+00:00,0:05:55,0:24:49
2021-01-19 01:34:54+00:00,2021-01-19 01:41:13+00:00,0:06:19,0:25:21
2021-01-19 02:06:34+00:00,2021-01-19 02:12:52+00:00,0:06:18,0:25:19
2021-01-19 02:38:11+00:00,2021-01-19 02:44:28+00:00,0:06:17,0:25:54
2021-01-19 03:10:22+00:00,2021-01-19 03:16:27+00:00,0:06:05,0:26:12
2021-01-19 03:42:39+00:00,2021-01-19 03:49:09+00:00,0:06:30,0:26:50
2021-01-19 04:15:59+00:00,2021-01-19 04:22:33+00:00,0:06:34,0:26:40
2021-01-19 04:49:13+00:00,2021-01-19 04:55:48+00:00,0:06:35,0:27:22
2021-01-19 05:23:10+00:00,2021-01-19 05:29:14+00:00,0:06:04,0:27:37
2021-01-19 05:56:51+00:00,2021-01-19 06:03:14+00:00,0:06:23,0:27:05
2021-01-19 06:30:19+00:00,2021-01-19 06:36:58+00:00,0:06:39,0:26:14
2021-01-19 07:03:12+00:00,2021-01-19 07:09:25+00:00,0:06:13,0:26:59
2021-01-19 07:36:24+00:00,2021-01-19 07:43:03+00:00,0:06:39,0:27:57
2021-01-19 08:11:00+00:00,2021-01-19 08:17:49+00:00,0:06:49,0:28:34
2021-01-19 08:46:23+00:00,2021-01-19 08:52:41+00:00,0:06:18,0:28:27
2021-01-19 09:21:08+00:00,2021-01-19 09:27:43+00:00,0:06:35,0:28:23
2021-01-19 09:56:06+00:00,2021-01-19 10:02:41+00:00,0:06:35,0:29:13
2021-01-19 10:31:54+00:00,2021-01-19 10:38:21+00:00,0:06:27,0:29:20
2021-01-19 11:07:41+00:00,2021-01-19 11:14:41+00:00,0:07:00,0:24:09
2021-01-19 11:38:50+00:00,2021-01-19 11:46:01+00:00,0:07:11,0:24:46
2021-01-19 12:10:47+00:00,2021-01-19 12:17:28+00:00,0:06:41,0:26:31
2021-01-19 12:43:59+00:00,2021-01-19 12:50:54+00:00,0:06:55,0:23:44
2021-01-19 13:14:38+00:00,2021-01-19 13:21:09+00:00,0:06:31,0:23:55
2021-01-19 13:45:04+00:00,2021-01-19 13:52:08+00:00,0:07:04,0:24:25
2021-01-19 14:16:33+00:00,2021-01-19 14:22:59+00:00,0:06:26,0:24:55
2021-01-19 14:47:54+00:00,2021-01-19 14:54:50+00:00,0:06:56,0:24:45
2021-01-19 15:19:35+00:00,2021-01-19 15:26:05+00:00,0:06:30,0:25:17
2021-01-19 15:51:22+00:00,2021-01-19 15:58:04+00:00,0:06:42,0:25:32
2021-01-19 16:23:36+00:00,2021-01-19 16:30:19+00:00,0:06:43,0:25:57
2021-01-19 16:56:16+00:00,2021-01-19 17:02:38+00:00,0:06:22,0:24:24
2021-01-19 17:27:02+00:00,2021-01-19 17:33:23+00:00,0:06:21,0:24:31
2021-01-19 17:57:54+00:00,2021-01-19 18:04:25+00:00,0:06:31,0:25:10
2021-01-19 18:29:35+00:00,2021-01-19 18:36:07+00:00,0:06:32,0:17:11
2021-01-19 18:53:18+00:00,2021-01-19 18:59:25+00:00,0:06:07,0:22:06
2021-01-19 19:21:31+00:00,2021-01-19 19:28:01+00:00,0:06:30,0:14:48
2021-01-19 19:42:49+00:00,2021-01-19 19:49:27+00:00,0:06:38,0:20:55
2021-01-19 20:10:22+00:00,2021-01-19 20:16:52+00:00,0:06:30,0:23:04
2021-01-19 20:39:56+00:00,2021-01-19 20:46:21+00:00,0:06:25,0:22:17
2021-01-19 21:08:38+00:00,2021-01-19 21:14:58+00:00,0:06:20,0:24:05
2021-01-19 21:39:03+00:00,2021-01-19 21:45:43+00:00,0:06:40,0:19:46
2021-01-19 22:05:29+00:00,2021-01-19 22:12:03+00:00,0:06:34,0:22:44
2021-01-19 22:34:47+00:00,2021-01-19 22:40:58+00:00,0:06:11,0:23:49
2021-01-19 23:04:47+00:00,2021-01-19 23:11:24+00:00,0:06:37,0:23:44
2021-01-19 23:35:08+00:00,2021-01-19 23:41:26+00:00,0:06:18,0:24:37
2021-01-20 00:06:03+00:00,2021-01-20 00:12:58+00:00,0:06:55,0:25:02
2021-01-20 00:38:00+00:00,2021-01-20 00:44:47+00:00,0:06:47,0:25:21
2021-01-20 01:10:08+00:00,2021-01-20 01:16:16+00:00,0:06:08,0:25:13
2021-01-20 01:41:29+00:00,2021-01-20 01:48:15+00:00,0:06:46,0:26:07
2021-01-20 02:14:22+00:00,2021-01-20 02:20:40+00:00,0:06:18,0:25:40
2021-01-20 02:46:20+00:00,2021-01-20 02:53:09+00:00,0:06:49,0:26:10
2021-01-20 03:19:19+00:00,2021-01-20 03:25:30+00:00,0:06:11,0:26:53
2021-01-20 03:52:23+00:00,2021-01-20 03:59:16+00:00,0:06:53,0:27:00
2021-01-20 04:26:16+00:00,2021-01-20 04:32:40+00:00,0:06:24,0:27:09
2021-01-20 04:59:49+00:00,2021-01-20 05:06:15+00:00,0:06:26,0:27:33
2021-01-20 05:33:48+00:00,2021-01-20 05:40:37+00:00,0:06:49,0:29:06
2021-01-20 06:09:43+00:00,2021-01-20 06:16:45+00:00,0:07:02,0:26:14
2021-01-20 06:42:59+00:00,2021-01-20 06:50:04+00:00,0:07:05,0:24:43
2021-01-20 07:14:47+00:00,2021-01-20 07:21:50+00:00,0:07:03,0:24:07
2021-01-20 07:45:57+00:00,2021-01-20 07:52:26+00:00,0:06:29,0:25:22
2021-01-20 08:17:48+00:00,2021-01-20 08:24:29+00:00,0:06:41,0:25:35
2021-01-20 08:50:04+00:00,2021-01-20 08:56:23+00:00,0:06:19,0:26:50
2021-01-20 09:23:13+00:00,2021-01-20 09:29:44+00:00,0:06:31,0:28:06
2021-01-20 09:57:50+00:00,2021-01-20 10:04:53+00:00,0:07:03,0:28:58
2021-01-20 10:33:51+00:00,2021-01-20 10:40:46+00:00,0:06:55,0:30:01
2021-01-20 11:10:47+00:00,2021-01-20 11:17:36+00:00,0:06:49,0:23:41
2021-01-20 11:41:17+00:00,2021-01-20 11:48:00+00:00,0:06:43,0:23:16
2021-01-20 12:11:16+00:00,2021-01-20 12:18:15+00:00,0:06:59,0:26:48
2021-01-20 12:45:03+00:00,2021-01-20 12:52:02+00:00,0:06:59,0:26:33
2021-01-20 13:18:35+00:00,2021-01-20 13:25:07+00:00,0:06:32,0:27:13
2021-01-20 13:52:20+00:00,2021-01-20 13:58:38+00:00,0:06:18,0:26:52
2021-01-20 14:25:30+00:00,2021-01-20 14:32:03+00:00,0:06:33,0:27:56
2021-01-20 14:59:59+00:00,2021-01-20 15:06:47+00:00,0:06:48,0:27:44
2021-01-20 15:34:31+00:00,2021-01-20 15:41:03+00:00,0:06:32,0:27:25
2021-01-20 16:08:28+00:00,2021-01-20 16:15:07+00:00,0:06:39,0:28:31
2021-01-20 16:43:38+00:00,2021-01-20 16:50:17+00:00,0:06:39,0:28:52
2021-01-20 17:19:09+00:00,2021-01-20 17:25:58+00:00,0:06:49,0:22:44
2021-01-20 17:48:42+00:00,2021-01-20 17:55:27+00:00,0:06:45,0:25:48
2021-01-20 18:21:15+00:00,2021-01-20 18:28:01+00:00,0:06:46,0:20:55
2021-01-20 18:48:56+00:00,2021-01-20 18:55:51+00:00,0:06:55,0:16:31
2021-01-20 19:12:22+00:00,2021-01-20 19:18:36+00:00,0:06:14,0:21:53
2021-01-20 19:40:29+00:00,2021-01-20 19:46:46+00:00,0:06:17,0:22:36
2021-01-20 20:09:22+00:00,2021-01-20 20:16:07+00:00,0:06:45,0:18:42
2021-01-20 20:34:49+00:00,2021-01-20 20:41:09+00:00,0:06:20,0:22:42
2021-01-20 21:03:51+00:00,2021-01-20 21:10:37+00:00,0:06:46,0:22:31
2021-01-20 21:33:08+00:00,2021-01-20 21:39:51+00:00,0:06:43,0:24:09
2021-01-20 22:04:00+00:00,2021-01-20 22:10:17+00:00,0:06:17,0:23:48
2021-01-20 22:34:05+00:00,2021-01-20 22:40:12+00:00,0:06:07,0:24:45
2021-01-20 23:04:57+00:00,2021-01-20 23:11:30+00:00,0:06:33,0:24:40
2021-01-20 23:36:10+00:00,2021-01-20 23:42:43+00:00,0:06:33,0:24:55
2021-01-21 00:07:38+00:00,2021-01-21 00:13:51+00:00,0:06:13,0:26:08
2021-01-21 00:39:59+00:00,2021-01-21 00:46:41+00:00,0:06:42,0:26:36
2021-01-21 01:13:17+00:00,2021-01-21 01:19:47+00:00,0:06:30,0:27:30
2021-01-21 01:47:17+00:00,2021-01-21 01:54:01+00:00,0:06:44,0:27:12
2021-01-21 02:21:13+00:00,2021-01-21 02:27:40+00:00,0:06:27,0:26:42
2021-01-21 02:54:22+00:00,2021-01-21 03:01:05+00:00,0:06:43,0:27:07
2021-01-21 03:28:12+00:00,2021-01-21 03:34:49+00:00,0:06:37,0:27:29
2021-01-21 04:02:18+00:00,2021-01-21 04:08:57+00:00,0:06:39,0:28:46
2021-01-21 04:37:43+00:00,2021-01-21 04:44:39+00:00,0:06:56,0:28:52
2021-01-21 05:13:31+00:00,2021-01-21 05:20:34+00:00,0:07:03,0:29:07
2021-01-21 05:49:41+00:00,2021-01-21 05:56:17+00:00,0:06:36,0:28:34
2021-01-21 06:24:51+00:00,2021-01-21 06:31:48+00:00,0:06:57,0:29:17
2021-01-21 07:01:05+00:00,2021-01-21 07:08:23+00:00,0:07:18,0:28:11
2021-01-21 07:36:34+00:00,2021-01-21 07:43:37+00:00,0:07:03,0:28:09
2021-01-21 08:11:46+00:00,2021-01-21 08:18:31+00:00,0:06:45,0:28:05
2021-01-21 08:46:36+00:00,2021-01-21 08:53:27+00:00,0:06:51,0:28:47
2021-01-21 09:22:14+00:00,2021-01-21 09:29:11+00:00,0:06:57,0:29:08
2021-01-21 09:58:19+00:00,2021-01-21 10:05:21+00:00,0:07:02,0:29:55
2021-01-21 10:35:16+00:00,2021-01-21 10:42:20+00:00,0:07:04,0:29:34
2021-01-21 11:11:54+00:00,2021-01-21 11:18:34+00:00,0:06:40,0:27:24
2021-01-21 11:45:58+00:00,2021-01-21 11:52:37+00:00,0:06:39,0:29:46
2021-01-21 12:22:23+00:00,2021-01-21 12:29:07+00:00,0:06:44,0:26:31
2021-01-21 12:55:38+00:00,2021-01-21 13:02:43+00:00,0:07:05,0:25:45
2021-01-21 13:28:28+00:00,2021-01-21 13:35:05+00:00,0:06:37,0:26:43
2021-01-21 14:01:48+00:00,2021-01-21 14:08:07+00:00,0:06:19,0:26:52
2021-01-21 14:34:59+00:00,2021-01-21 14:41:08+00:00,0:06:09,0:26:16
2021-01-21 15:07:24+00:00,2021-01-21 15:13:32+00:00,0:06:08,0:25:57
2021-01-21 15:39:29+00:00,2021-01-21 15:45:39+00:00,0:06:10,0:26:17
2021-01-21 16:11:56+00:00,2021-01-21 16:18:07+00:00,0:06:11,0:23:56
2021-01-21 16:42:03+00:00,2021-01-21 16:48:18+00:00,0:06:15,0:26:31
2021-01-21 17:14:49+00:00,2021-01-21 17:21:34+00:00,0:06:45,0:26:47
2021-01-21 17:48:21+00:00,2021-01-21 17:55:37+00:00,0:07:16,0:19:18
2021-01-21 18:14:55+00:00,2021-01-21 18:21:18+00:00,0:06:23,0:22:29
2021-01-21 18:43:47+00:00,2021-01-21 18:51:53+00:00,0:08:06,0:16:17
2021-01-21 19:08:10+00:00,2021-01-21 19:14:29+00:00,0:06:19,0:16:46
2021-01-21 19:31:15+00:00,2021-01-21 19:37:39+00:00,0:06:24,0:18:52
2021-01-21 19:56:31+00:00,2021-01-21 20:02:44+00:00,0:06:13,0:21:30
2021-01-21 20:24:14+00:00,2021-01-21 20:30:35+00:00,0:06:21,0:22:42
2021-01-21 20:53:17+00:00,2021-01-21 21:00:10+00:00,0:06:53,0:23:38
2021-01-21 21:23:48+00:00,2021-01-21 21:30:25+00:00,0:06:37,0:24:33
2021-01-21 21:54:58+00:00,2021-01-21 22:01:28+00:00,0:06:30,0:24:34
2021-01-21 22:26:02+00:00,2021-01-21 22:32:27+00:00,0:06:25,0:25:30
2021-01-21 22:57:57+00:00,2021-01-21 23:04:30+00:00,0:06:33,0:25:40
2021-01-21 23:30:10+00:00,2021-01-21 23:37:00+00:00,0:06:50,0:25:59
2021-01-22 00:02:59+00:00,2021-01-22 00:09:53+00:00,0:06:54,0:25:53
2021-01-22 00:35:46+00:00,2021-01-22 00:42:10+00:00,0:06:24,0:25:32
2021-01-22 01:07:42+00:00,2021-01-22 01:14:09+00:00,0:06:27,0:25:52
2021-01-22 01:40:01+00:00,2021-01-22 01:46:41+00:00,0:06:40,0:27:01
2021-01-22 02:13:42+00:00,2021-01-22 02:20:24+00:00,0:06:42,0:27:26
2021-01-22 02:47:50+00:00,2021-01-22 02:54:45+00:00,0:06:55,0:27:51
2021-01-22 03:22:36+00:00,2021-01-22 03:29:24+00:00,0:06:48,0:28:01
2021-01-22 03:57:25+00:00,2021-01-22 04:04:12+00:00,0:06:47,0:28:24
2021-01-22 04:32:36+00:00,2021-01-22 04:39:38+00:00,0:07:02,0:29:04
2021-01-22 05:08:42+00:00,2021-01-22 05:15:54+00:00,0:07:12,0:28:40
2021-01-22 05:44:34+00:00,2021-01-22 05:51:21+00:00,0:06:47,0:24:49
2021-01-22 06:16:10+00:00,2021-01-22 06:23:16+00:00,0:07:06,0:23:59
2021-01-22 06:47:15+00:00,2021-01-22 06:54:19+00:00,0:07:04,0:25:31
2021-01-22 07:19:50+00:00,2021-01-22 07:26:55+00:00,0:07:05,0:26:21
2021-01-22 07:53:16+00:00,2021-01-22 08:00:23+00:00,0:07:07,0:26:50
2021-01-22 08:27:13+00:00,2021-01-22 08:34:10+00:00,0:06:57,0:27:23
2021-01-22 09:01:33+00:00,2021-01-22 09:08:37+00:00,0:07:04,0:27:21
2021-01-22 09:35:58+00:00,2021-01-22 09:42:44+00:00,0:06:46,0:26:47
2021-01-22 10:09:31+00:00,2021-01-22 10:16:39+00:00,0:07:08,0:22:40
2021-01-22 10:39:19+00:00,2021-01-22 10:46:06+00:00,0:06:47,0:23:36
2021-01-22 11:09:42+00:00,2021-01-22 11:16:42+00:00,0:07:00,0:23:44
2021-01-22 11:40:26+00:00,2021-01-22 11:47:59+00:00,0:07:33,0:15:17
2021-01-22 12:03:16+00:00,2021-01-22 12:09:27+00:00,0:06:11,0:15:50
2021-01-22 12:25:17+00:00,2021-01-22 12:32:08+00:00,0:06:51,0:16:15
2021-01-22 12:48:23+00:00,2021-01-22 12:54:47+00:00,0:06:24,0:17:54
2021-01-22 13:12:41+00:00,2021-01-22 13:19:00+00:00,0:06:19,0:19:01
2021-01-22 13:38:01+00:00,2021-01-22 13:44:34+00:00,0:06:33,0:19:47
2021-01-22 14:04:21+00:00,2021-01-22 14:10:38+00:00,0:06:17,0:20:56
2021-01-22 14:31:34+00:00,2021-01-22 14:38:13+00:00,0:06:39,0:21:10
2021-01-22 14:59:23+00:00,2021-01-22 15:05:54+00:00,0:06:31,0:22:17
2021-01-22 15:28:11+00:00,2021-01-22 15:34:36+00:00,0:06:25,0:23:21
2021-01-22 15:57:57+00:00,2021-01-22 16:04:30+00:00,0:06:33,0:23:22
