time,voltage,current,frequency,power
0,49.663125,0.202,60.0,10.03195125
1,108.346875,0.6,60.0,65.00812499999999
2,103.471875,0.552,60.0,57.116475
3,105.61687499999998,0.554,60.0,58.511748749999995
4,105.50812500000002,0.554,60.0,58.451501250000014
5,108.9675,0.631,60.0,68.7584925
6,83.67375,0.387,60.0,32.38174125
7,109.02375000000002,0.633,60.0,69.01203375000001
8,103.31999999999998,0.528,60.0,54.55295999999999
9,108.73499999999999,0.628,60.0,68.28558
10,81.29625,0.397,60.0,32.27461125
11,106.86937500000002,0.582,60.0,62.19797625000001
12,108.913125,0.614,60.0,66.87265875
13,108.9675,0.622,60.0,67.777785
14,80.98875000000001,0.359,60.0,29.07496125
15,108.909375,0.616,60.0,67.08817499999999
16,108.271875,0.623,60.0,67.453378125
17,109.498125,0.627,60.0,68.655324375
18,85.39125,0.401,60.0,34.24189125
19,105.50625,0.557,60.0,58.76698125
20,106.48499999999999,0.568,60.0,60.483479999999986
21,108.05625,0.606,60.0,65.4820875
22,85.95,0.428,60.0,36.7866
23,107.323125,0.599,60.0,64.286551875
24,107.4075,0.602,60.0,64.65931499999999
25,107.49562499999999,0.606,60.0,65.14234875
26,82.786875,0.362,60.0,29.968848749999996
27,103.84875,0.626,60.0,65.0093175
28,108.05625,0.613,60.0,66.23848125
29,107.9025,0.617,60.0,66.57584250000001
30,65.69250000000001,0.328,60.0,21.547140000000002
31,50.4825,0.203,60.0,10.2479475
32,50.075624999999995,0.211,60.0,10.565956875
33,50.075624999999995,0.219,60.0,10.966561874999998
34,50.4825,0.205,60.0,10.348912499999999
35,86.503125,0.409,60.0,35.379778124999994
36,50.071875,0.217,60.0,10.865596875
37,50.075624999999995,0.211,60.0,10.565956875
38,49.665,0.203,60.0,10.081995000000001
39,56.91375000000001,0.252,60.0,14.342265000000001
40,52.10812500000001,0.206,60.0,10.734273750000002
41,50.075624999999995,0.214,60.0,10.716183749999999
42,50.075624999999995,0.217,60.0,10.866410624999999
43,74.91749999999999,0.309,60.0,23.149507499999995
44,109.91437500000002,0.397,60.0,43.636006875000014
45,107.37937500000001,0.416,60.0,44.66982
46,122.878125,0.416,785.6640000000001,51.11729999999999
47,122.878125,0.416,786.42,51.11729999999999
48,122.878125,0.416,786.42,51.11729999999999
49,122.878125,0.416,786.42,51.11729999999999
50,122.878125,0.416,786.42,51.11729999999999
51,84.53812500000001,0.397,60.0,33.56163562500001
52,108.795,0.615,60.0,66.908925
53,106.475625,0.568,60.0,60.478154999999994
54,109.53562500000001,0.645,60.0,70.650478125
55,85.67625000000001,0.388,60.0,33.242385000000006
56,109.404375,0.646,60.0,70.67522625000001
57,105.15187499999999,0.547,60.0,57.518075625
58,107.9775,0.599,60.0,64.6785225
59,108.05249999999998,0.596,60.0,64.39928999999998
60,107.979375,0.62,786.42,66.9472125
61,96.375,0.469,60.0,45.199875
62,108.050625,0.603,60.0,65.154526875
63,108.12749999999998,0.616,60.0,66.60654
64,86.22375000000001,0.384,60.0,33.10992
65,101.82374999999999,0.541,60.0,55.086648749999995
66,108.05625,0.595,60.0,64.29346875
67,108.12937500000001,0.607,60.0,65.63453062500001
68,86.77687499999999,0.401,60.0,34.797526874999996
69,108.79125000000002,0.624,60.0,67.88574000000001
70,108.853125,0.627,60.0,68.250909375
71,122.878125,0.627,786.42,77.044584375
72,84.253125,0.36,60.0,30.331124999999997
73,109.53,0.654,60.0,71.63262
74,108.793125,0.654,786.42,71.15070375
75,104.65874999999998,0.549,786.42,57.45765375
76,89.16749999999999,0.421,60.0,37.539517499999995
77,107.33062499999998,0.577,60.0,61.92977062499999
78,108.13125,0.609,60.0,65.85193124999999
79,100.52437499999999,0.481,60.0,48.35222437499999
80,88.38562499999999,0.436,60.0,38.536132499999994
81,102.45374999999999,0.495,60.0,50.714606249999996
82,108.913125,0.611,60.0,66.545919375
83,109.86187499999998,0.668,60.0,73.3877325
84,83.08874999999999,0.381,60.0,31.656813749999998
85,96.579375,0.484,60.0,46.7444175
86,108.85499999999999,0.614,60.0,66.83697
87,108.85124999999998,0.614,786.42,66.83466749999998
88,88.123125,0.433,60.0,38.157313125
89,108.733125,0.63,60.0,68.50186875
90,107.16,0.581,60.0,62.25995999999999
91,108.913125,0.637,60.0,69.37766062499999
92,108.204375,0.604,60.0,65.3554425
93,101.98499999999999,0.513,60.0,52.318304999999995
94,98.535,0.542,60.0,53.40597
95,108.12749999999998,0.602,60.0,65.09275499999998
96,101.82750000000001,0.521,60.0,53.05212750000001
97,98.994375,0.556,60.0,55.040872500000006
98,108.19874999999999,0.606,60.0,65.56844249999999
99,108.12937500000001,0.617,60.0,66.71582437500001
100,108.20250000000001,0.595,785.6640000000001,64.3804875
101,85.94812499999999,0.413,60.0,35.49657562499999
102,108.27375000000002,0.602,60.0,65.18079750000001
103,100.51124999999999,0.535,60.0,53.77351875
104,101.983125,0.512,60.0,52.215360000000004
105,78.81,0.378,60.0,29.79018
106,108.12749999999998,0.619,60.0,66.9309225
107,108.19874999999999,0.594,60.0,64.2700575
108,108.204375,0.608,786.42,65.78826
109,78.811875,0.348,60.0,27.426532499999997
110,108.204375,0.598,60.0,64.70621625
111,108.12937500000001,0.609,60.0,65.850789375
112,108.20062500000002,0.613,60.0,66.32698312500001
113,103.47,0.553,60.0,57.21891
114,95.746875,0.496,60.0,47.49045
115,108.85687500000002,0.624,60.0,67.92669000000001
116,108.05812499999999,0.603,60.0,65.159049375
117,85.95,0.411,60.0,35.32545
118,108.13125,0.596,60.0,64.446225
119,108.13312500000002,0.607,786.42,65.636806875
120,108.12749999999998,0.607,786.42,65.63339249999999
121,101.45812500000001,0.529,60.0,53.67134812500001
122,108.13312500000002,0.609,60.0,65.85307312500001
123,109.02375000000002,0.632,786.42,68.90301000000001
124,108.204375,0.632,784.8960000000001,68.385165
125,108.204375,0.632,786.42,68.385165
126,122.878125,0.632,786.42,77.658975
127,105.73687499999998,0.554,786.42,58.578228749999994
128,108.20062500000002,0.597,60.0,64.59577312500001
129,108.60375000000002,0.631,60.0,68.52896625000001
130,94.003125,0.438,60.0,41.17336875
131,89.169375,0.409,60.0,36.470274374999995
132,108.20250000000001,0.595,60.0,64.3804875
133,95.115,0.432,60.0,41.089679999999994
134,86.22749999999999,0.387,60.0,33.3700425
135,108.204375,0.596,60.0,64.4898075
136,108.13125,0.617,60.0,66.71698124999999
137,105.15187499999999,0.556,60.0,58.4644425
138,85.95,0.38,60.0,32.661
139,108.20062500000002,0.614,60.0,66.43518375000001
140,108.85499999999999,0.613,60.0,66.72811499999999
141,108.12937500000001,0.613,786.42,66.28330687500001
142,100.01812499999998,0.514,60.0,51.409316249999996
143,122.878125,0.514,786.42,63.15935625
144,122.878125,0.514,786.42,63.15935625
145,122.878125,0.514,786.42,63.15935625
146,85.11,0.397,60.0,33.78867
147,108.05625,0.599,60.0,64.72569375
148,106.4775,0.57,60.0,60.692175
149,106.96875,0.566,60.0,60.5443125
150,86.775,0.405,60.0,35.143875
151,108.12749999999998,0.614,60.0,66.39028499999999
152,87.856875,0.434,60.0,38.12988375
153,108.05437499999998,0.604,60.0,65.26484249999999
154,78.49125000000001,0.376,60.0,29.512710000000002
155,107.323125,0.572,60.0,61.3888275
156,108.12749999999998,0.601,60.0,64.98462749999999
157,108.27375000000002,0.619,60.0,67.02145125000001
158,108.05437499999998,0.593,60.0,64.07624437499999
159,103.87125,0.556,60.0,57.752415000000006
160,108.27375000000002,0.592,60.0,64.09806
161,109.22999999999999,0.615,60.0,67.17644999999999
162,108.800625,0.614,60.0,66.80358375
163,94.22625000000001,0.479,60.0,45.13437375
164,104.784375,0.537,60.0,56.269209375
165,108.12375,0.607,60.0,65.63111625
166,105.50249999999998,0.548,60.0,57.815369999999994
167,78.81,0.367,60.0,28.92327
168,108.20250000000001,0.622,60.0,67.301955
169,102.59812500000001,0.512,60.0,52.530240000000006
170,108.271875,0.621,60.0,67.236834375
171,83.37937500000001,0.404,60.0,33.68526750000001
172,108.20062500000002,0.617,60.0,66.759785625
173,108.05437499999998,0.615,60.0,66.45344062499998
174,108.12937500000001,0.618,60.0,66.82395375
175,84.82875,0.368,60.0,31.21698
176,106.4775,0.571,60.0,60.798652499999996
177,108.85687500000002,0.619,60.0,67.382405625
178,78.81,0.352,60.0,27.74112
179,79.75125,0.376,60.0,29.98647
180,109.275,0.643,60.0,70.26382500000001
181,106.575,0.568,60.0,60.5346
182,105.14812499999998,0.534,60.0,56.14909874999999
183,80.98875000000001,0.377,60.0,30.532758750000003
184,106.96312500000002,0.581,60.0,62.145575625000006
185,108.204375,0.609,60.0,65.896464375
186,105.15,0.537,60.0,56.46555000000001
187,86.22562500000001,0.428,60.0,36.904567500000006
188,108.673125,0.609,60.0,66.181933125
189,108.793125,0.608,60.0,66.14622
190,100.67625000000001,0.54,60.0,54.36517500000001
191,104.535,0.53,60.0,55.40355
192,108.05249999999998,0.615,60.0,66.45228749999998
193,104.4,0.541,60.0,56.48040000000001
194,108.20250000000001,0.612,60.0,66.21993
195,108.12937500000001,0.592,786.42,64.01259
196,101.829375,0.53,60.0,53.96956875
197,109.455,0.62,60.0,67.8621
198,108.13500000000002,0.606,60.0,65.52981000000001
199,109.265625,0.652,786.42,71.24118750000001
200,81.6,0.388,60.0,31.6608
201,109.5,0.618,60.0,67.67099999999999
202,108.733125,0.61,60.0,66.32720625
203,108.27000000000001,0.619,60.0,67.01913
204,79.44375,0.364,60.0,28.917524999999998
205,108.12937500000001,0.59,60.0,63.79633125
206,108.13500000000002,0.6,60.0,64.88100000000001
207,109.831875,0.638,60.0,70.07273625
208,88.644375,0.406,60.0,35.989616250000005
209,108.05812499999999,0.598,60.0,64.61875875
210,78.49125000000001,0.345,60.0,27.07948125
211,107.15062500000002,0.581,60.0,62.25451312500001
212,85.94624999999999,0.424,60.0,36.44121
213,108.12749999999998,0.597,60.0,64.5521175
214,108.20250000000001,0.595,60.0,64.3804875
215,108.20250000000001,0.609,60.0,65.8953225
216,78.48937500000001,0.354,60.0,27.78523875
217,108.9675,0.626,60.0,68.213655
218,108.20250000000001,0.613,60.0,66.32813250000001
219,122.64000000000001,0.613,786.42,75.17832000000001
220,87.594375,0.425,60.0,37.227609375
221,108.06000000000002,0.591,60.0,63.86346
222,108.13125,0.6,60.0,64.87875
223,108.12937500000001,0.614,60.0,66.39143625
224,106.275,0.549,60.0,58.344975000000005
225,106.27124999999998,0.56,60.0,59.5119
226,108.13125,0.593,60.0,64.12183125
227,109.85625,0.657,786.42,72.17555625
228,106.37625,0.572,60.0,60.84721499999999
229,100.50937499999999,0.516,60.0,51.8628375
230,108.271875,0.594,60.0,64.31349374999999
231,78.496875,0.348,60.0,27.3169125
232,108.27375000000002,0.619,60.0,67.02145125000001
233,87.590625,0.421,60.0,36.875653125
234,108.204375,0.614,60.0,66.43748624999999
235,105.73687499999998,0.556,60.0,58.7897025
236,108.20062500000002,0.591,60.0,63.94656937500001
237,78.811875,0.351,60.0,27.662968125
238,108.78937500000002,0.632,60.0,68.75488500000002
239,108.97312500000001,0.596,60.0,64.94798250000001
240,104.14312499999998,0.527,60.0,54.88342687499999
241,78.50437500000001,0.353,60.0,27.712044375
242,108.20250000000001,0.604,60.0,65.35431000000001
243,105.85124999999998,0.559,60.0,59.17084874999999
244,108.12937500000001,0.59,60.0,63.79633125
245,87.853125,0.395,60.0,34.701984375
246,109.41187499999998,0.638,60.0,69.80477624999999
247,108.20062500000002,0.638,786.42,69.03199875000001
248,122.878125,0.638,786.42,78.39624375
249,87.853125,0.39,60.0,34.262718750000005
250,50.075624999999995,0.201,60.0,10.065200625
251,108.05625,0.608,60.0,65.6982
252,108.13312500000002,0.589,60.0,63.690410625000005
253,78.80812499999999,0.35,60.0,27.582843749999995
254,108.12562499999999,0.616,60.0,66.60538499999998
255,108.204375,0.598,60.0,64.70621625
256,122.878125,0.598,786.42,73.48111875
257,122.878125,0.598,786.42,73.48111875
258,122.878125,0.598,786.42,73.48111875
259,109.4025,0.616,60.0,67.39194
260,108.204375,0.593,60.0,64.165194375
261,108.13125,0.592,60.0,64.0137
262,107.975625,0.61,60.0,65.86513124999999
263,108.20250000000001,0.615,786.42,66.5445375
264,108.478125,0.615,786.42,66.71404687500001
265,98.55562499999999,0.437,60.0,43.068808125
266,87.860625,0.428,60.0,37.604347499999996
267,107.98687499999998,0.593,60.0,64.036216875
268,50.88937500000001,0.22,60.0,11.195662500000003
269,108.27375000000002,0.597,60.0,64.63942875000001
270,79.749375,0.355,60.0,28.311028125
271,108.196875,0.617,60.0,66.75747187500001
272,50.4825,0.203,60.0,10.2479475
273,107.746875,0.596,60.0,64.21713749999999
274,86.22749999999999,0.406,60.0,35.008365
275,109.078125,0.607,60.0,66.210421875
276,108.13125,0.616,60.0,66.60884999999999
277,108.204375,0.607,60.0,65.680055625
278,97.58625,0.485,60.0,47.32933125
279,50.075624999999995,0.22,60.0,11.0166375
280,108.20062500000002,0.589,60.0,63.730168125000006
281,50.075624999999995,0.218,60.0,10.916486249999998
282,79.75500000000001,0.362,60.0,28.87131
283,50.073750000000004,0.216,60.0,10.815930000000002
284,108.41062500000001,0.598,60.0,64.82955375
285,108.20250000000001,0.616,60.0,66.65274000000001
286,101.20125,0.547,60.0,55.35708375000001
287,108.20062500000002,0.608,60.0,65.78598000000001
288,105.016875,0.59,60.0,61.95995625
289,105.50437500000001,0.548,60.0,57.81639750000001
290,50.4825,0.211,60.0,10.6518075
291,108.20625,0.609,60.0,65.89760625
292,50.484375,0.21,60.0,10.60171875
293,108.20062500000002,0.614,60.0,66.43518375000001
294,108.20250000000001,0.596,60.0,64.48869
295,103.335,0.549,60.0,56.730915
296,103.876875,0.527,60.0,54.743113125
297,109.873125,0.656,61.42799999999999,72.07677000000001
298,122.878125,0.656,786.42,80.60805
299,82.494375,0.386,60.0,31.842828750000002
300,93.564375,0.399,60.0,37.332185625
301,108.05437499999998,0.589,60.0,63.64402687499999
302,51.703125,0.222,60.0,11.47809375
303,87.594375,0.405,60.0,35.475721875000005
304,50.075624999999995,0.209,60.0,10.465805624999998
305,106.27687499999999,0.567,60.0,60.25898812499999
306,108.12562499999999,0.592,60.0,64.01037
307,79.44,0.337,60.0,26.77128
308,102.31312499999999,0.49,60.0,50.133431249999994
309,122.878125,0.49,786.42,60.210281249999994
310,122.878125,0.49,786.42,60.210281249999994
311,78.174375,0.332,60.0,25.953892500000002
312,104.40375000000002,0.536,60.0,55.96041000000001
313,50.071875,0.202,60.0,10.11451875
314,108.12562499999999,0.607,60.0,65.63225437499999
315,50.480625,0.216,60.0,10.903815
316,106.4775,0.566,60.0,60.266265
317,109.021875,0.631,60.0,68.79280312499999
318,108.13125,0.598,60.0,64.6624875
319,50.4825,0.202,60.0,10.197465000000001
320,108.12937500000001,0.598,60.0,64.66136625
321,51.29625,0.208,60.0,10.66962
322,108.20062500000002,0.611,60.0,66.11058187500001
323,89.15625,0.461,60.0,41.10103125
324,94.438125,0.494,60.0,46.65243375
325,108.13312500000002,0.606,60.0,65.52867375000001
326,50.073750000000004,0.205,60.0,10.265118750000001
327,108.20062500000002,0.586,60.0,63.40556625000001
328,84.54187499999999,0.38,60.0,32.1259125
329,108.12937500000001,0.587,60.0,63.471943125
330,94.22625000000001,0.463,60.0,43.626753750000006
331,108.13500000000002,0.598,60.0,64.66473
332,88.123125,0.432,60.0,38.06919
333,105.50249999999998,0.546,60.0,57.604364999999994
334,51.703125,0.215,60.0,11.116171875
335,108.853125,0.62,60.0,67.4889375
336,80.67937500000001,0.366,60.0,29.528651250000003
337,51.703125,0.207,60.0,10.702546875
338,51.70125,0.229,60.0,11.83958625
339,109.078125,0.609,60.0,66.428578125
340,87.85499999999999,0.433,60.0,38.041214999999994
341,51.70125,0.212,60.0,10.960665
342,108.675,0.618,60.0,67.16114999999999
343,109.32750000000001,0.605,60.0,66.14313750000001
344,87.860625,0.411,60.0,36.110716874999994
345,51.705,0.228,60.0,11.78874
346,108.909375,0.609,60.0,66.32580937499999
347,51.70125,0.22,60.0,11.374275
348,106.16437500000002,0.553,60.0,58.708899375000016
349,51.70125,0.223,60.0,11.529378750000001
350,108.85687500000002,0.601,60.0,65.422981875
351,108.97312500000001,0.604,60.0,65.8197675
352,108.204375,0.595,60.0,64.381603125
353,94.00125,0.435,60.0,40.89054375
354,108.204375,0.612,60.0,66.22107749999999
355,50.484375,0.207,60.0,10.450265625
356,108.13312500000002,0.613,60.0,66.28560562500002
357,86.503125,0.422,60.0,36.504318749999996
358,50.075624999999995,0.202,60.0,10.115276249999999
359,108.13312500000002,0.601,60.0,64.98800812500001
360,107.48999999999998,0.613,60.0,65.89136999999998
361,79.44375,0.377,60.0,29.950293749999997
362,108.85124999999998,0.602,60.0,65.52845249999999
363,52.51125,0.226,60.0,11.867542499999999
364,108.91125,0.604,60.0,65.782395
365,83.38312499999999,0.359,60.0,29.934541874999997
366,108.05625,0.605,60.0,65.37403125
367,50.075624999999995,0.202,60.0,10.115276249999999
368,108.20250000000001,0.584,60.0,63.19026
369,86.77875,0.42,60.0,36.447075
370,108.85499999999999,0.609,60.0,66.292695
371,50.484375,0.2,60.0,10.096875
372,109.65562500000001,0.643,60.0,70.50856687500001
373,87.58687499999999,0.398,60.0,34.859576249999996
374,52.91812500000001,0.226,60.0,11.959496250000003
375,104.655,0.534,60.0,55.88577
376,108.79875,0.618,60.0,67.2376275
377,94.46062500000001,0.419,60.0,39.579001875
378,108.85875000000001,0.616,60.0,67.05699000000001
379,108.20250000000001,0.585,60.0,63.29846250000001
380,50.4825,0.202,60.0,10.197465000000001
381,108.13125,0.607,60.0,65.63566875
382,107.74125,0.592,60.0,63.782819999999994
383,97.99312499999999,0.414,60.0,40.56915375
384,108.85499999999999,0.601,60.0,65.421855
385,52.515,0.227,60.0,11.920905000000001
386,78.815625,0.368,60.0,29.00415
387,50.48625,0.204,60.0,10.299195
388,108.06000000000002,0.592,60.0,63.971520000000005
389,50.484375,0.2,60.0,10.096875
390,87.58687499999999,0.422,60.0,36.96166125
391,52.513125,0.212,60.0,11.1327825
392,108.909375,0.625,60.0,68.068359375
393,107.98125,0.59,60.0,63.7089375
394,88.644375,0.419,60.0,37.141993125
395,50.484375,0.211,60.0,10.652203125
396,52.10437499999999,0.22,60.0,11.462962499999998
397,106.7775,0.558,60.0,59.58184500000001
398,80.3775,0.371,60.0,29.8200525
399,108.20062500000002,0.603,60.0,65.244976875
400,50.075624999999995,0.198,60.0,9.91497375
401,108.13312500000002,0.582,60.0,62.933478750000006
402,86.22562500000001,0.386,60.0,33.283091250000005
403,108.12749999999998,0.606,60.0,65.52526499999999
404,106.4775,0.549,60.0,58.45614750000001
405,108.12749999999998,0.606,60.0,65.52526499999999
406,92.4,0.418,60.0,38.623200000000004
407,108.12749999999998,0.586,60.0,63.36271499999999
408,55.3275,0.241,60.0,13.3339275
409,108.796875,0.595,60.0,64.734140625
410,52.10812500000001,0.216,60.0,11.255355000000002
411,103.18312499999999,0.543,60.0,56.028436875
412,51.703125,0.224,60.0,11.5815
413,108.793125,0.613,60.0,66.690185625
414,55.723125,0.229,60.0,12.760595625
415,80.68125,0.338,60.0,27.270262500000005
416,108.13312500000002,0.592,60.0,64.01481000000001
417,108.208125,0.598,60.0,64.70845874999999
418,54.92625,0.224,60.0,12.30348
419,78.49312499999999,0.348,60.0,27.315607499999995
420,52.91812500000001,0.236,60.0,12.488677500000001
421,108.204375,0.584,60.0,63.191354999999994
422,50.4825,0.212,60.0,10.70229
423,79.75125,0.351,60.0,27.99268875
424,50.4825,0.207,60.0,10.4498775
425,104.40375000000002,0.532,60.0,55.54279500000001
426,50.4825,0.209,60.0,10.5508425
427,83.090625,0.381,60.0,31.657528125000002
428,108.271875,0.594,60.0,64.31349374999999
429,108.13125,0.007,60.0,0.75691875
430,50.075624999999995,0.003,60.0,0.15022687499999998
431,94.00125,0.007,60.0,0.65800875
432,50.073750000000004,0.003,60.0,0.15022125000000003
433,108.915,0.008,60.0,0.8713200000000001
434,108.28125,0.007,60.0,0.75796875
435,80.57625,0.006,60.0,0.48345750000000004
436,108.05812499999999,0.007,60.0,0.7564068749999999
437,50.07937499999999,0.003,60.0,0.15023812499999997
438,108.13125,0.008,60.0,0.86505
439,50.075624999999995,0.003,60.0,0.15022687499999998
440,80.064375,0.005,60.0,0.400321875
441,108.13312500000002,0.007,60.0,0.7569318750000001
442,50.480625,0.003,60.0,0.151441875
443,108.05625,0.007,60.0,0.7563937500000001
444,57.70125,0.004,60.0,0.230805
445,108.204375,0.007,60.0,0.757430625
446,50.075624999999995,0.003,60.0,0.15022687499999998
447,108.136875,0.007,60.0,0.756958125
448,87.8625,0.006,60.0,0.527175
449,108.85124999999998,0.008,60.0,0.8708099999999999
450,108.676875,0.007,60.0,0.7607381249999999
451,106.86750000000002,0.007,60.0,0.7480725000000001
452,78.49499999999999,0.005,60.0,0.39247499999999996
453,105.733125,0.007,60.0,0.740131875
454,108.204375,0.008,60.0,0.865635
455,52.515,0.003,60.0,0.15754500000000002
456,85.95375,0.006,60.0,0.5157225
457,108.13312500000002,0.007,60.0,0.7569318750000001
458,50.484375,0.003,60.0,0.151453125
459,108.13125,0.007,60.0,0.75691875
460,50.48625,0.003,60.0,0.15145875
461,108.20625,0.008,60.0,0.86565
462,108.418125,0.007,60.0,0.758926875
463,105.631875,0.007,60.0,0.739423125
464,110.11125,0.008,60.0,0.88089
465,49.666875,0.003,60.0,0.149000625
466,50.4825,0.003,60.0,0.1514475
467,108.13125,0.007,60.0,0.75691875
468,108.204375,0.008,60.0,0.865635
469,50.0775,0.003,60.0,0.1502325
470,106.678125,0.007,60.0,0.7467468749999999
471,107.49187499999998,0.007,60.0,0.7524431249999999
472,108.204375,0.007,60.0,0.757430625
473,80.3775,0.005,60.0,0.4018875
474,108.860625,0.008,60.0,0.870885
475,52.10812500000001,0.003,60.0,0.15632437500000002
476,105.841875,0.007,60.0,0.740893125
477,56.518125,0.003,60.0,0.169554375
478,105.84,0.007,60.0,0.7408800000000001
479,51.705,0.004,60.0,0.20682
480,108.860625,0.008,60.0,0.870885
481,86.22937499999999,0.006,60.0,0.51737625
482,108.204375,0.007,60.0,0.757430625
483,106.381875,0.007,60.0,0.7446731249999999
484,104.165625,0.007,60.0,0.729159375
485,85.11375000000001,0.006,60.0,0.5106825
486,49.668749999999996,0.003,60.0,0.14900624999999998
487,104.66437500000002,0.007,60.0,0.7326506250000001
488,49.668749999999996,0.003,60.0,0.14900624999999998
489,86.23125,0.006,60.0,0.5173875
490,50.4825,0.003,60.0,0.1514475
491,108.13312500000002,0.007,60.0,0.7569318750000001
492,105.03374999999998,0.007,60.0,0.7352362499999999
493,108.204375,0.008,60.0,0.865635
494,108.20625,0.007,60.0,0.75744375
495,109.333125,0.008,60.0,0.874665
496,108.279375,0.008,60.0,0.866235
497,108.13125,0.007,60.0,0.75691875
498,99.30749999999999,0.006,60.0,0.595845
499,108.20250000000001,0.008,60.0,0.8656200000000002
500,50.073750000000004,0.003,60.0,0.15022125000000003
501,108.20250000000001,0.007,60.0,0.7574175000000001
502,50.484375,0.003,60.0,0.151453125
503,108.34875,0.008,60.0,0.86679
504,50.07937499999999,0.003,60.0,0.15023812499999997
505,108.27562500000002,0.008,60.0,0.8662050000000002
506,85.951875,0.006,60.0,0.5157112500000001
507,107.82374999999999,0.007,60.0,0.75476625
508,49.666875,0.003,60.0,0.149000625
509,108.13125,0.007,60.0,0.75691875
510,79.130625,0.005,60.0,0.395653125
511,108.05812499999999,0.007,60.0,0.7564068749999999
512,108.20625,0.008,60.0,0.86565
513,108.13312500000002,0.007,60.0,0.7569318750000001
514,83.090625,0.005,60.0,0.41545312500000003
515,108.79875,0.008,60.0,0.87039
516,108.80249999999998,0.008,60.0,0.8704199999999999
517,58.09875000000001,0.004,60.0,0.23239500000000005
518,80.67937500000001,0.005,60.0,0.40339687500000004
519,51.70687499999999,0.003,60.0,0.15512062499999998
520,108.860625,0.008,60.0,0.870885
521,51.703125,0.003,60.0,0.155109375
522,81.6,0.006,60.0,0.4896
523,50.4825,0.003,60.0,0.1514475
524,108.20625,0.008,60.0,0.86565
525,50.075624999999995,0.003,60.0,0.15022687499999998
526,108.20625,0.008,60.0,0.86565
527,50.484375,0.003,60.0,0.151453125
528,108.740625,0.008,60.0,0.869925
529,78.43312499999999,0.006,60.0,0.47059874999999995
530,50.4825,0.004,60.0,0.20193
531,60.046875,0.004,60.0,0.2401875
532,108.2775,0.008,60.0,0.86622
533,108.20250000000001,0.008,60.0,0.8656200000000002
534,50.484375,0.003,60.0,0.151453125
535,86.22562500000001,0.006,60.0,0.5173537500000001
536,50.0775,0.003,60.0,0.1502325
537,108.208125,0.007,60.0,0.757456875
538,108.27375000000002,0.008,60.0,0.8661900000000002
539,87.856875,0.006,60.0,0.52714125
540,108.204375,0.008,60.0,0.865635
541,49.666875,0.003,60.0,0.149000625
542,108.20250000000001,0.007,60.0,0.7574175000000001
543,91.175625,0.007,60.0,0.638229375
544,108.05812499999999,0.008,60.0,0.8644649999999999
545,50.075624999999995,0.003,60.0,0.15022687499999998
546,108.204375,0.008,60.0,0.865635
547,50.0775,0.003,60.0,0.1502325
548,108.853125,0.008,60.0,0.8708250000000001
549,51.29812499999999,0.003,60.0,0.15389437499999997
550,108.85687500000002,0.008,60.0,0.8708550000000002
551,103.4775,0.007,60.0,0.7243425000000001
552,52.515,0.003,60.0,0.15754500000000002
553,108.79875,0.007,60.0,0.76159125
554,52.91812500000001,0.003,60.0,0.15875437500000003
555,106.58250000000001,0.008,60.0,0.8526600000000001
556,51.705,0.003,60.0,0.155115
557,106.970625,0.008,60.0,0.855765
558,88.123125,0.006,60.0,0.52873875
559,108.915,0.008,60.0,0.8713200000000001
560,80.37375,0.005,60.0,0.40186875
561,106.970625,0.007,60.0,0.748794375
562,108.915,0.008,60.0,0.8713200000000001
563,52.10812500000001,0.003,60.0,0.15632437500000002
564,80.68125,0.005,60.0,0.40340625
565,52.11,0.003,60.0,0.15633
566,102.894375,0.007,60.0,0.720260625
567,52.10812500000001,0.003,60.0,0.15632437500000002
568,80.68125,0.005,60.0,0.40340625
569,51.703125,0.003,60.0,0.155109375
570,52.515,0.004,60.0,0.21006
571,51.705,0.003,60.0,0.155115
572,87.594375,0.006,60.0,0.52556625
573,51.70687499999999,0.004,60.0,0.20682749999999997
574,51.705,0.004,60.0,0.20682
575,103.18500000000002,0.007,60.0,0.7222950000000001
576,81.29625,0.005,60.0,0.40648125
577,108.204375,0.007,60.0,0.757430625
578,50.073750000000004,0.003,60.0,0.15022125000000003
579,102.144375,0.007,60.0,0.715010625
580,50.88937500000001,0.003,60.0,0.15266812500000002
581,108.34875,0.008,60.0,0.86679
582,50.484375,0.003,60.0,0.151453125
583,50.4825,0.004,60.0,0.20193
584,50.075624999999995,0.003,60.0,0.15022687499999998
585,50.88937500000001,0.003,60.0,0.15266812500000002
586,78.14625,0.006,60.0,0.4688775
587,50.071875,0.003,60.0,0.150215625
588,101.98687499999998,0.007,60.0,0.7139081249999999
589,85.95375,0.006,60.0,0.5157225
590,50.4825,0.003,60.0,0.1514475
591,50.484375,0.003,60.0,0.151453125
592,50.484375,0.003,60.0,0.151453125
593,52.515,0.003,60.0,0.15754500000000002
594,50.48625,0.003,60.0,0.15145875
595,50.073750000000004,0.003,60.0,0.15022125000000003
596,109.640625,0.007,60.0,0.767484375
597,89.983125,0.008,60.0,0.719865
598,109.46062499999998,0.005,60.0,0.5473031249999999
599,83.47875,0.006,60.0,0.5008725
600,122.878125,0.006,786.42,0.73726875
601,122.878125,0.006,786.42,0.73726875
602,122.878125,0.006,786.42,0.73726875
603,55.3275,0.004,60.0,0.22131
604,108.13312500000002,0.008,60.0,0.8650650000000002
605,50.075624999999995,0.003,60.0,0.15022687499999998
606,108.05812499999999,0.008,60.0,0.8644649999999999
607,50.0775,0.003,60.0,0.1502325
608,108.136875,0.007,60.0,0.756958125
609,108.06375,0.008,60.0,0.86451
610,107.979375,0.007,60.0,0.755855625
611,108.54749999999999,0.008,60.0,0.8683799999999999
612,108.20625,0.008,60.0,0.86565
613,50.073750000000004,0.003,60.0,0.15022125000000003
614,99.30187500000001,0.007,60.0,0.6951131250000001
615,50.484375,0.003,60.0,0.151453125
616,108.2775,0.008,60.0,0.86622
617,50.0775,0.003,60.0,0.1502325
618,86.22749999999999,0.006,60.0,0.517365
619,50.484375,0.003,60.0,0.151453125
620,108.12937500000001,0.008,60.0,0.8650350000000001
621,101.83125,0.007,60.0,0.71281875
622,86.780625,0.006,60.0,0.52068375
623,108.05625,0.008,60.0,0.86445
624,50.887499999999996,0.003,60.0,0.15266249999999998
625,107.325,0.008,60.0,0.8586
626,79.44187500000001,0.005,60.0,0.3972093750000001
627,108.85687500000002,0.008,60.0,0.8708550000000002
628,108.796875,0.008,60.0,0.870375
629,122.878125,0.008,786.42,0.983025
630,57.691875,0.004,60.0,0.23076750000000001
631,104.53687499999998,0.007,60.0,0.7317581249999999
632,108.27562500000002,0.008,60.0,0.8662050000000002
633,90.19125,0.006,60.0,0.5411475
634,82.794375,0.006,60.0,0.49676625
635,49.665,0.003,60.0,0.148995
636,108.2775,0.008,60.0,0.86622
637,50.893125000000005,0.003,60.0,0.152679375
638,108.13312500000002,0.008,60.0,0.8650650000000002
639,50.88937500000001,0.003,60.0,0.15266812500000002
640,107.58937499999999,0.008,60.0,0.8607149999999999
641,50.073750000000004,0.003,60.0,0.15022125000000003
642,108.05625,0.008,60.0,0.86445
643,80.686875,0.005,60.0,0.403434375
644,51.705,0.003,60.0,0.155115
645,51.70687499999999,0.003,60.0,0.15512062499999998
646,107.904375,0.008,60.0,0.8632350000000001
647,85.95,0.006,60.0,0.5157
648,104.146875,0.007,60.0,0.729028125
649,50.4825,0.003,60.0,0.1514475
650,108.204375,0.008,60.0,0.865635
651,50.071875,0.003,60.0,0.150215625
652,107.409375,0.008,60.0,0.859275
653,50.071875,0.003,60.0,0.150215625
654,108.12937500000001,0.008,60.0,0.8650350000000001
655,103.50749999999998,0.008,60.0,0.8280599999999998
656,50.0775,0.003,60.0,0.1502325
657,108.208125,0.008,60.0,0.865665
658,50.073750000000004,0.003,60.0,0.15022125000000003
659,84.25500000000001,0.006,60.0,0.50553
660,68.295,0.004,60.0,0.27318000000000003
661,52.513125,0.003,60.0,0.157539375
662,50.484375,0.003,60.0,0.151453125
663,101.829375,0.007,60.0,0.712805625
664,50.89125,0.003,60.0,0.15267375
665,101.98499999999999,0.007,60.0,0.713895
666,105.84375,0.008,60.0,0.84675
667,106.783125,0.007,60.0,0.747481875
668,86.235,0.006,60.0,0.51741
669,109.17937499999998,0.008,60.0,0.8734349999999999
670,108.85687500000002,0.008,60.0,0.8708550000000002
671,52.513125,0.003,60.0,0.157539375
672,80.07000000000001,0.005,60.0,0.40035000000000004
673,51.705,0.003,60.0,0.155115
674,108.85687500000002,0.008,60.0,0.8708550000000002
675,51.29812499999999,0.003,60.0,0.15389437499999997
676,88.65,0.006,60.0,0.5319
677,50.071875,0.003,60.0,0.150215625
678,108.12937500000001,0.008,60.0,0.8650350000000001
679,108.13125,0.008,60.0,0.86505
680,79.126875,0.005,60.0,0.395634375
681,108.20625,0.008,60.0,0.86565
682,54.92999999999999,0.004,60.0,0.21971999999999997
683,107.58937499999999,0.007,60.0,0.7531256249999999
684,50.484375,0.003,60.0,0.151453125
685,108.20250000000001,0.008,60.0,0.8656200000000002
686,50.071875,0.004,60.0,0.2002875
687,50.480625,0.004,60.0,0.2019225
688,86.22562500000001,0.006,60.0,0.5173537500000001
689,101.829375,0.007,60.0,0.712805625
690,109.0275,0.008,60.0,0.87222
691,108.20625,0.008,60.0,0.86565
692,79.95750000000001,0.006,60.0,0.4797450000000001
693,104.915625,0.007,60.0,0.734409375
694,51.3,0.003,60.0,0.15389999999999998
695,108.06000000000002,0.008,60.0,0.8644800000000001
696,50.073750000000004,0.003,60.0,0.15022125000000003
697,93.77624999999999,0.007,60.0,0.6564337499999999
698,50.075624999999995,0.003,60.0,0.15022687499999998
699,105.95250000000001,0.007,60.0,0.7416675000000001
700,101.98687499999998,0.007,60.0,0.7139081249999999
701,78.811875,0.005,60.0,0.394059375
702,50.484375,0.003,60.0,0.151453125
703,50.073750000000004,0.003,60.0,0.15022125000000003
704,108.12937500000001,0.008,60.0,0.8650350000000001
705,50.484375,0.003,60.0,0.151453125
706,52.51125,0.003,60.0,0.15753375
707,52.92,0.004,60.0,0.21168
708,108.20625,0.008,60.0,0.86565
709,50.075624999999995,0.003,60.0,0.15022687499999998
710,108.204375,0.008,60.0,0.865635
711,49.666875,0.003,60.0,0.149000625
712,108.13125,0.008,60.0,0.86505
713,86.50500000000001,0.006,60.0,0.5190300000000001
714,110.13375,0.007,60.0,0.7709362500000001
715,106.38,0.007,60.0,0.74466
716,50.073750000000004,0.003,60.0,0.15022125000000003
717,88.125,0.006,60.0,0.52875
718,52.111875,0.004,60.0,0.2084475
719,108.80249999999998,0.008,60.0,0.8704199999999999
720,51.705,0.003,60.0,0.155115
721,108.8625,0.008,60.0,0.8709
722,52.11,0.003,60.0,0.15633
723,108.796875,0.008,60.0,0.870375
724,66.06750000000001,0.005,60.0,0.33033750000000006
725,108.12937500000001,0.008,60.0,0.8650350000000001
726,86.503125,0.006,60.0,0.51901875
727,55.33125,0.004,60.0,0.221325
728,108.13500000000002,0.008,60.0,0.8650800000000002
729,50.484375,0.003,60.0,0.151453125
730,85.11375000000001,0.006,60.0,0.5106825
731,53.325,0.004,60.0,0.21330000000000002
732,108.350625,0.008,60.0,0.8668049999999999
733,50.07937499999999,0.003,60.0,0.15023812499999997
734,86.233125,0.006,60.0,0.51739875
735,50.075624999999995,0.003,60.0,0.15022687499999998
736,108.20625,0.008,60.0,0.86565
737,102.13875,0.007,60.0,0.7149712500000001
738,82.5,0.006,60.0,0.495
739,108.204375,0.008,60.0,0.865635
740,52.92,0.004,60.0,0.21168
741,108.20250000000001,0.008,60.0,0.8656200000000002
742,86.77687499999999,0.006,60.0,0.52066125
743,108.2775,0.008,60.0,0.86622
744,56.11875,0.004,60.0,0.224475
745,50.484375,0.003,60.0,0.151453125
746,50.484375,0.003,60.0,0.151453125
747,108.85687500000002,0.008,60.0,0.8708550000000002
748,51.70687499999999,0.003,60.0,0.15512062499999998
749,107.24437500000002,0.007,60.0,0.7507106250000002
750,108.73875000000001,0.008,60.0,0.8699100000000001
751,69.373125,0.004,60.0,0.27749250000000003
752,108.85875000000001,0.008,60.0,0.8708700000000001
753,54.928125,0.004,60.0,0.2197125
754,106.479375,0.007,60.0,0.7453556250000001
755,80.685,0.005,60.0,0.40342500000000003
756,108.279375,0.008,60.0,0.866235
757,50.484375,0.003,60.0,0.151453125
758,105.27375000000002,0.007,60.0,0.7369162500000002
759,50.4825,0.006,60.0,0.302895
760,108.485625,0.008,60.0,0.867885
761,50.484375,0.003,60.0,0.151453125
762,98.184375,0.006,60.0,0.58910625
763,86.22937499999999,0.006,60.0,0.51737625
764,102.140625,0.007,60.0,0.714984375
765,108.418125,0.008,60.0,0.867345
766,50.075624999999995,0.004,60.0,0.2003025
767,82.19812499999999,0.006,60.0,0.49318874999999995
768,50.484375,0.003,60.0,0.151453125
769,108.28125,0.008,60.0,0.86625
770,108.20625,0.008,60.0,0.86565
771,80.994375,0.005,60.0,0.40497187500000004
772,87.05625,0.006,60.0,0.5223375
773,108.204375,0.008,60.0,0.865635
774,108.27562500000002,0.008,60.0,0.8662050000000002
775,51.705,0.004,60.0,0.20682
776,108.20625,0.008,60.0,0.86565
777,51.3,0.003,60.0,0.15389999999999998
778,108.279375,0.007,60.0,0.757955625
779,108.13312500000002,0.008,60.0,0.8650650000000002
780,85.108125,0.006,60.0,0.51064875
781,102.1425,0.007,60.0,0.7149975
782,107.49375,0.008,60.0,0.8599500000000001
783,51.30187500000001,0.003,60.0,0.15390562500000005
784,87.58874999999999,0.006,60.0,0.5255325
785,108.208125,0.007,60.0,0.757456875
786,105.845625,0.007,60.0,0.740919375
787,94.468125,0.006,60.0,0.56680875
788,86.22749999999999,0.006,60.0,0.517365
789,101.349375,0.007,60.0,0.709445625
790,108.20625,0.008,60.0,0.86565
791,107.49562499999999,0.007,60.0,0.752469375
792,70.419375,0.005,60.0,0.35209687500000003
793,51.29812499999999,0.003,60.0,0.15389437499999997
794,52.91812500000001,0.003,60.0,0.15875437500000003
795,108.85499999999999,0.008,60.0,0.87084
796,51.3,0.003,60.0,0.15389999999999998
797,106.875,0.007,60.0,0.748125
798,52.921875,0.003,60.0,0.158765625
799,108.20625,0.007,60.0,0.75744375
800,50.484375,0.003,60.0,0.151453125
801,50.484375,0.003,60.0,0.151453125
802,50.484375,0.003,60.0,0.151453125
803,50.484375,0.003,60.0,0.151453125
804,50.073750000000004,0.003,60.0,0.15022125000000003
805,66.06937500000001,0.005,60.0,0.33034687500000004
806,50.4825,0.003,60.0,0.1514475
807,87.0525,0.006,60.0,0.522315
808,52.921875,0.004,60.0,0.2116875
809,90.45750000000001,0.006,60.0,0.542745
810,90.19500000000001,0.006,60.0,0.54117
811,66.42937500000001,0.005,60.0,0.33214687500000006
812,82.81125,0.004,60.0,0.331245
813,122.878125,0.004,786.42,0.4915125
814,122.878125,0.004,786.42,0.4915125
815,51.3,0.003,60.0,0.15389999999999998
816,108.800625,0.008,60.0,0.870405
817,64.61999999999999,0.004,60.0,0.25848
818,108.91125,0.008,60.0,0.87129
819,79.12875,0.005,60.0,0.39564375
820,102.1425,0.007,60.0,0.7149975
821,81.905625,0.005,60.0,0.409528125
822,50.0775,0.003,60.0,0.1502325
823,50.48625,0.003,60.0,0.15145875
824,104.6625,0.007,60.0,0.7326374999999999
825,50.484375,0.003,60.0,0.151453125
826,108.79875,0.007,60.0,0.76159125
827,51.705,0.003,60.0,0.155115
828,108.204375,0.008,60.0,0.865635
829,101.98499999999999,0.007,60.0,0.713895
830,108.13500000000002,0.008,60.0,0.8650800000000002
831,50.0775,0.003,60.0,0.1502325
832,108.204375,0.008,60.0,0.865635
833,50.073750000000004,0.003,60.0,0.15022125000000003
834,86.22937499999999,0.005,60.0,0.431146875
835,108.975,0.007,60.0,0.762825
836,108.279375,0.007,60.0,0.757955625
837,108.418125,0.007,60.0,0.758926875
838,50.075624999999995,0.003,60.0,0.15022687499999998
839,108.20625,0.007,60.0,0.75744375
840,50.484375,0.003,60.0,0.151453125
841,108.279375,0.008,60.0,0.866235
842,87.0525,0.006,60.0,0.522315
843,108.8625,0.008,60.0,0.8709
844,50.4825,0.003,60.0,0.1514475
845,105.15187499999999,0.007,60.0,0.7360631249999999
846,54.92999999999999,0.003,60.0,0.16479
847,108.27562500000002,0.007,60.0,0.7579293750000001
848,108.27562500000002,0.008,60.0,0.8662050000000002
849,50.4825,0.003,60.0,0.1514475
850,86.50874999999999,0.006,60.0,0.5190524999999999
851,99.10125,0.007,60.0,0.69370875
852,108.2775,0.007,60.0,0.7579425000000001
853,101.98875000000001,0.007,60.0,0.7139212500000001
854,79.449375,0.005,60.0,0.397246875
855,108.796875,0.008,60.0,0.870375
856,51.3,0.003,60.0,0.15389999999999998
857,108.853125,0.008,60.0,0.8708250000000001
858,52.111875,0.003,60.0,0.156335625
859,105.27375000000002,0.007,60.0,0.7369162500000002
860,51.29812499999999,0.003,60.0,0.15389437499999997
861,51.705,0.003,60.0,0.155115
862,108.85875000000001,0.007,60.0,0.7620112500000001
863,108.13125,0.008,60.0,0.86505
864,108.13312500000002,0.007,60.0,0.7569318750000001
865,81.0,0.004,60.0,0.324
866,108.204375,0.007,60.0,0.757430625
867,55.32375,0.003,60.0,0.16597125
868,101.98687499999998,0.007,60.0,0.7139081249999999
869,101.210625,0.006,60.0,0.60726375
870,50.4825,0.003,60.0,0.1514475
871,76.565625,0.005,60.0,0.382828125
872,50.480625,0.003,60.0,0.151441875
873,106.584375,0.007,60.0,0.746090625
874,101.02687499999999,0.007,60.0,0.707188125
875,86.7825,0.006,60.0,0.520695
876,108.05812499999999,0.007,60.0,0.7564068749999999
877,51.29812499999999,0.003,60.0,0.15389437499999997
878,108.13125,0.007,60.0,0.75691875
879,54.92625,0.003,60.0,0.16477875
880,107.99250000000002,0.007,60.0,0.7559475000000002
881,108.85499999999999,0.008,60.0,0.87084
882,52.11,0.003,60.0,0.15633
883,80.685,0.005,60.0,0.40342500000000003
884,52.111875,0.004,60.0,0.2084475
885,106.38375,0.007,60.0,0.7446862500000001
886,108.796875,0.007,60.0,0.761578125
887,79.126875,0.005,60.0,0.395634375
888,52.111875,0.003,60.0,0.156335625
889,107.675625,0.007,60.0,0.753729375
890,105.03562500000001,0.007,60.0,0.7352493750000001
891,51.70687499999999,0.003,60.0,0.15512062499999998
892,108.860625,0.008,60.0,0.870885
893,106.965,0.007,60.0,0.7487550000000001
894,51.70687499999999,0.003,60.0,0.15512062499999998
895,51.705,0.003,60.0,0.155115
896,80.068125,0.005,60.0,0.400340625
897,51.29625,0.004,60.0,0.205185
898,108.80437499999998,0.008,60.0,0.8704349999999998
899,109.32750000000001,0.008,60.0,0.8746200000000002
900,80.98875000000001,0.005,60.0,0.40494375000000005
901,108.860625,0.007,60.0,0.762024375
902,51.705,0.003,60.0,0.155115
903,108.85875000000001,0.007,60.0,0.7620112500000001
904,54.52875,0.003,60.0,0.16358625000000002
905,51.29812499999999,0.003,60.0,0.15389437499999997
906,108.79875,0.008,60.0,0.87039
907,108.79875,0.008,60.0,0.87039
908,51.703125,0.003,60.0,0.155109375
909,105.15187499999999,0.007,60.0,0.7360631249999999
910,109.45874999999998,0.008,60.0,0.8756699999999998
911,51.703125,0.004,60.0,0.2068125
912,87.85875,0.006,60.0,0.5271525
913,108.800625,0.008,60.0,0.870405
914,50.073750000000004,0.003,60.0,0.15022125000000003
915,52.11375,0.003,60.0,0.15634125000000001
916,89.4375,0.006,60.0,0.536625
917,108.2775,0.008,60.0,0.86622
918,106.58062499999998,0.008,60.0,0.8526449999999999
919,51.29625,0.003,60.0,0.15388875000000002
920,50.488125,0.003,60.0,0.15146437499999998
921,95.955,0.007,60.0,0.671685
922,108.2775,0.008,60.0,0.86622
923,91.91437499999999,0.006,60.0,0.55148625
924,107.41875,0.007,60.0,0.75193125
925,82.494375,0.006,60.0,0.49496625000000005
926,108.28125,0.008,60.0,0.86625
927,107.833125,0.007,60.0,0.7548318749999999
928,108.13500000000002,0.007,60.0,0.7569450000000002
929,87.85875,0.006,60.0,0.5271525
930,108.860625,0.008,60.0,0.870885
931,108.91875,0.008,60.0,0.8713500000000001
932,109.54125000000002,0.008,60.0,0.8763300000000002
933,88.393125,0.006,60.0,0.53035875
934,108.85875000000001,0.008,60.0,0.8708700000000001
935,108.85875000000001,0.008,60.0,0.8708700000000001
936,108.864375,0.008,60.0,0.870915
937,87.590625,0.006,60.0,0.52554375
938,51.70687499999999,0.004,60.0,0.20682749999999997
939,107.24625,0.007,60.0,0.75072375
940,52.515,0.004,60.0,0.21006
941,102.91125,0.008,60.0,0.82329
942,59.64375,0.005,60.0,0.29821875
943,58.09875000000001,0.004,60.0,0.23239500000000005
944,105.283125,0.007,60.0,0.736981875
945,87.5925,0.006,60.0,0.525555
946,50.484375,0.003,60.0,0.151453125
947,50.4825,0.003,60.0,0.1514475
948,50.488125,0.003,60.0,0.15146437499999998
949,50.488125,0.003,60.0,0.15146437499999998
950,49.668749999999996,0.003,60.0,0.14900624999999998
951,50.484375,0.003,60.0,0.151453125
952,50.484375,0.003,60.0,0.151453125
953,50.075624999999995,0.003,60.0,0.15022687499999998
954,87.324375,0.006,60.0,0.5239462500000001
955,52.91812500000001,0.004,60.0,0.21167250000000004
956,80.068125,0.006,60.0,0.48040875
957,99.845625,0.006,60.0,0.59907375
958,92.39812500000001,0.006,60.0,0.5543887500000001
959,88.389375,0.006,60.0,0.5303362500000001
960,106.78125,0.004,60.0,0.42712500000000003
961,95.95875,0.004,60.0,0.383835
962,122.878125,0.004,786.42,0.4915125
963,122.878125,0.004,786.42,0.4915125
964,122.878125,0.004,786.42,0.4915125
965,50.480625,0.003,60.0,0.151441875
966,78.81375,0.005,60.0,0.39406875
967,108.208125,0.008,60.0,0.865665
968,81.59812500000001,0.005,60.0,0.40799062500000005
969,51.29625,0.003,60.0,0.15388875000000002
970,79.12875,0.005,60.0,0.39564375
971,108.204375,0.007,60.0,0.757430625
972,108.20625,0.008,60.0,0.86565
973,108.06000000000002,0.008,60.0,0.8644800000000001
974,56.128125,0.003,60.0,0.168384375
975,51.70687499999999,0.004,60.0,0.20682749999999997
976,108.680625,0.008,60.0,0.869445
977,104.154375,0.007,60.0,0.729080625
978,107.154375,0.007,60.0,0.7500806250000001
979,94.46625,0.006,60.0,0.5667975000000001
980,53.32125,0.004,60.0,0.213285
981,108.80249999999998,0.008,60.0,0.8704199999999999
982,51.705,0.004,60.0,0.20682
983,52.11,0.003,60.0,0.15633
984,108.79875,0.008,60.0,0.87039
985,108.795,0.008,60.0,0.87036
986,51.3,0.003,60.0,0.15389999999999998
987,49.668749999999996,0.003,60.0,0.14900624999999998
988,108.2775,0.008,60.0,0.86622
989,108.208125,0.008,60.0,0.865665
990,108.73875000000001,0.008,60.0,0.8699100000000001
991,80.37937500000001,0.005,60.0,0.40189687500000004
992,53.325,0.004,60.0,0.21330000000000002
993,52.921875,0.004,60.0,0.2116875
994,108.97687500000002,0.008,60.0,0.8718150000000002
995,87.8625,0.006,60.0,0.527175
996,50.0775,0.003,60.0,0.1502325
997,50.484375,0.003,60.0,0.151453125
998,50.48625,0.003,60.0,0.15145875
999,88.123125,0.006,60.0,0.52873875
1000,108.800625,0.008,60.0,0.870405
1001,108.06187500000001,0.008,60.0,0.8644950000000001
1002,105.51375,0.007,60.0,0.7385962500000001
1003,108.350625,0.008,60.0,0.8668049999999999
1004,50.073750000000004,0.003,60.0,0.15022125000000003
1005,50.89125,0.003,60.0,0.15267375
1006,51.705,0.004,60.0,0.20682
1007,108.204375,0.008,60.0,0.865635
1008,80.06625,0.005,60.0,0.40033124999999997
1009,50.484375,0.003,60.0,0.151453125
1010,50.4825,0.003,60.0,0.1514475
1011,108.2775,0.008,60.0,0.86622
1012,86.233125,0.006,60.0,0.51739875
1013,109.029375,0.008,60.0,0.872235
1014,50.894999999999996,0.003,60.0,0.152685
1015,105.50812500000002,0.007,60.0,0.7385568750000001
1016,87.590625,0.006,60.0,0.52554375
1017,109.02562500000002,0.008,60.0,0.8722050000000001
1018,108.800625,0.008,60.0,0.870405
1019,51.705,0.003,60.0,0.155115
1020,51.3,0.003,60.0,0.15389999999999998
1021,102.748125,0.007,60.0,0.719236875
1022,108.279375,0.008,60.0,0.866235
1023,101.18999999999998,0.007,60.0,0.7083299999999999
1024,78.81375,0.005,60.0,0.39406875
1025,85.674375,0.006,60.0,0.51404625
1026,101.83125,0.007,60.0,0.71281875
1027,50.48625,0.003,60.0,0.15145875
1028,50.075624999999995,0.003,60.0,0.15022687499999998
1029,108.13312500000002,0.007,60.0,0.7569318750000001
1030,54.928125,0.004,60.0,0.2197125
1031,108.136875,0.007,60.0,0.756958125
1032,50.075624999999995,0.003,60.0,0.15022687499999998
1033,50.075624999999995,0.003,60.0,0.15022687499999998
1034,108.13500000000002,0.007,60.0,0.7569450000000002
1035,94.003125,0.006,60.0,0.56401875
1036,50.4825,0.003,60.0,0.1514475
1037,79.130625,0.005,60.0,0.395653125
1038,101.98875000000001,0.007,60.0,0.7139212500000001
1039,108.85875000000001,0.007,60.0,0.7620112500000001
1040,51.30187500000001,0.003,60.0,0.15390562500000005
1041,54.92999999999999,0.003,60.0,0.16479
1042,108.553125,0.007,60.0,0.759871875
1043,108.13500000000002,0.008,60.0,0.8650800000000002
1044,108.279375,0.007,60.0,0.757955625
1045,58.490625,0.004,60.0,0.23396250000000002
1046,101.675625,0.007,60.0,0.711729375
1047,108.208125,0.007,60.0,0.757456875
1048,108.20625,0.007,60.0,0.75744375
1049,81.9,0.005,60.0,0.40950000000000003
1050,50.88937500000001,0.003,60.0,0.15266812500000002
1051,101.35875000000001,0.007,60.0,0.7095112500000001
1052,108.208125,0.008,60.0,0.865665
1053,78.49499999999999,0.005,60.0,0.39247499999999996
1054,50.073750000000004,0.003,60.0,0.15022125000000003
1055,104.28187499999999,0.007,60.0,0.7299731249999999
1056,50.4825,0.003,60.0,0.1514475
1057,78.49875,0.005,60.0,0.39249375000000003
1058,108.2775,0.008,60.0,0.86622
1059,51.30187500000001,0.003,60.0,0.15390562500000005
1060,62.35125000000001,0.004,60.0,0.24940500000000004
1061,50.0775,0.003,60.0,0.1502325
1062,50.07937499999999,0.003,60.0,0.15023812499999997
1063,106.78125,0.007,60.0,0.74746875
1064,108.208125,0.008,60.0,0.865665
1065,104.015625,0.007,60.0,0.7281093750000001
1066,60.81750000000001,0.004,60.0,0.24327000000000004
1067,50.0775,0.003,60.0,0.1502325
1068,108.208125,0.008,60.0,0.865665
1069,108.13500000000002,0.008,60.0,0.8650800000000002
1070,50.88937500000001,0.003,60.0,0.15266812500000002
1071,51.703125,0.003,60.0,0.155109375
1072,108.21,0.008,60.0,0.86568
1073,108.20625,0.008,60.0,0.86565
1074,82.2,0.006,60.0,0.4932
1075,50.893125000000005,0.003,60.0,0.152679375
1076,50.0775,0.003,60.0,0.1502325
1077,87.594375,0.006,60.0,0.52556625
1078,99.30375000000001,0.007,60.0,0.6951262500000001
1079,106.978125,0.007,60.0,0.748846875
1080,108.85875000000001,0.008,60.0,0.8708700000000001
1081,105.39000000000001,0.007,60.0,0.7377300000000001
1082,52.111875,0.003,60.0,0.156335625
1083,108.915,0.007,60.0,0.7624050000000001
1084,108.74250000000002,0.008,60.0,0.8699400000000002
1085,80.990625,0.005,60.0,0.40495312499999997
1086,101.8425,0.007,60.0,0.7128975000000001
1087,106.68000000000002,0.007,60.0,0.7467600000000002
1088,108.676875,0.008,60.0,0.8694149999999999
1089,71.090625,0.006,60.0,0.42654375
1090,55.3275,0.004,60.0,0.22131
1091,52.111875,0.003,60.0,0.156335625
1092,51.3,0.004,60.0,0.2052
1093,51.70687499999999,0.003,60.0,0.15512062499999998
1094,51.705,0.003,60.0,0.155115
1095,52.51875,0.004,60.0,0.21007499999999998
1096,57.313125,0.004,60.0,0.2292525
1097,108.91125,0.008,60.0,0.87129
1098,52.11,0.003,60.0,0.15633
1099,52.111875,0.003,60.0,0.156335625
1100,50.0775,0.003,60.0,0.1502325
1101,55.719375,0.004,60.0,0.2228775
1102,74.58,0.004,60.0,0.29832
1103,93.10875,0.006,60.0,0.5586525
1104,107.458125,0.004,60.0,0.4298325
1105,102.001875,0.004,60.0,0.4080075
1106,122.878125,0.004,786.42,0.4915125
1107,79.75500000000001,0.004,60.0,0.31902
1108,51.3,0.003,60.0,0.15389999999999998
1109,103.18500000000002,0.007,60.0,0.7222950000000001
1110,108.211875,0.007,60.0,0.757483125
1111,85.951875,0.006,60.0,0.5157112500000001
1112,50.89125,0.003,60.0,0.15267375
1113,50.89125,0.003,60.0,0.15267375
1114,50.0775,0.003,60.0,0.1502325
1115,108.06187500000001,0.007,60.0,0.7564331250000002
1116,108.06375,0.007,60.0,0.75644625
1117,103.876875,0.007,60.0,0.727138125
1118,101.99625,0.007,60.0,0.7139737500000001
1119,108.13125,0.008,60.0,0.86505
1120,78.500625,0.005,60.0,0.392503125
1121,50.488125,0.003,60.0,0.15146437499999998
1122,51.705,0.004,60.0,0.20682
1123,107.16187499999998,0.008,60.0,0.8572949999999999
1124,87.594375,0.006,60.0,0.52556625
1125,109.42125000000001,0.008,60.0,0.8753700000000001
1126,51.70687499999999,0.004,60.0,0.20682749999999997
1127,51.70687499999999,0.003,60.0,0.15512062499999998
1128,80.3775,0.006,60.0,0.482265
1129,106.96875,0.007,60.0,0.7487812500000001
1130,109.37250000000002,0.008,60.0,0.8749800000000002
1131,52.515,0.003,60.0,0.15754500000000002
1132,87.85875,0.006,60.0,0.5271525
1133,103.87875,0.007,60.0,0.72715125
1134,106.05375,0.008,60.0,0.84843
1135,107.0625,0.008,60.0,0.8565
1136,53.325,0.004,60.0,0.21330000000000002
1137,50.073750000000004,0.003,60.0,0.15022125000000003
1138,108.13500000000002,0.008,60.0,0.8650800000000002
1139,108.211875,0.008,60.0,0.8656950000000001
1140,78.49875,0.005,60.0,0.39249375000000003
1141,108.208125,0.008,60.0,0.865665
1142,108.13500000000002,0.008,60.0,0.8650800000000002
1143,51.29625,0.003,60.0,0.15388875000000002
1144,50.484375,0.003,60.0,0.151453125
1145,108.13500000000002,0.007,60.0,0.7569450000000002
1146,106.17,0.007,60.0,0.74319
1147,108.13875,0.007,60.0,0.75697125
1148,108.13500000000002,0.007,60.0,0.7569450000000002
1149,78.496875,0.005,60.0,0.392484375
1150,108.136875,0.007,60.0,0.756958125
1151,94.67999999999999,0.006,60.0,0.5680799999999999
1152,108.13312500000002,0.008,60.0,0.8650650000000002
1153,78.81375,0.005,60.0,0.39406875
1154,104.4075,0.007,60.0,0.7308525
1155,108.136875,0.008,60.0,0.8650950000000001
1156,54.1275,0.003,60.0,0.16238249999999999
1157,51.705,0.003,60.0,0.155115
1158,108.20625,0.008,60.0,0.86565
1159,105.96375,0.007,60.0,0.74174625
1160,109.134375,0.008,60.0,0.873075
1161,90.939375,0.006,60.0,0.54563625
1162,108.67875,0.008,60.0,0.8694299999999999
1163,108.85687500000002,0.008,60.0,0.8708550000000002
1164,51.70687499999999,0.003,60.0,0.15512062499999998
1165,57.30749999999999,0.004,60.0,0.22922999999999996
1166,108.864375,0.008,60.0,0.870915
1167,108.80249999999998,0.008,60.0,0.8704199999999999
1168,108.860625,0.008,60.0,0.870885
1169,89.169375,0.006,60.0,0.53501625
1170,51.70687499999999,0.004,60.0,0.20682749999999997
1171,107.91187499999998,0.008,60.0,0.8632949999999998
1172,101.35125,0.007,60.0,0.7094587499999999
1173,101.83687499999999,0.007,60.0,0.712858125
1174,108.136875,0.008,60.0,0.8650950000000001
1175,51.30187500000001,0.003,60.0,0.15390562500000005
1176,108.97312500000001,0.008,60.0,0.8717850000000001
1177,108.79875,0.008,60.0,0.87039
1178,55.33125,0.003,60.0,0.16599375
1179,51.30187500000001,0.003,60.0,0.15390562500000005
1180,108.860625,0.007,60.0,0.762024375
1181,108.85687500000002,0.008,60.0,0.8708550000000002
1182,94.00500000000001,0.006,60.0,0.56403
1183,104.41125,0.007,60.0,0.73087875
1184,106.275,0.008,60.0,0.8502000000000001
1185,51.705,0.003,60.0,0.155115
1186,52.11,0.003,60.0,0.15633
1187,51.29812499999999,0.003,60.0,0.15389437499999997
1188,108.74437500000002,0.007,60.0,0.7612106250000001
1189,108.86625,0.007,60.0,0.7620637499999999
1190,80.686875,0.005,60.0,0.403434375
1191,52.513125,0.003,60.0,0.157539375
1192,50.484375,0.003,60.0,0.151453125
1193,52.92,0.003,60.0,0.15876
1194,87.59625,0.006,60.0,0.5255775
1195,106.970625,0.007,60.0,0.748794375
1196,108.740625,0.007,60.0,0.761184375
1197,108.8625,0.008,60.0,0.8709
1198,87.594375,0.006,60.0,0.52556625
1199,52.111875,0.003,60.0,0.156335625
1200,108.144375,0.008,60.0,0.865155
1201,108.800625,0.008,60.0,0.870405
1202,108.79875,0.008,60.0,0.87039
1203,52.11,0.003,60.0,0.15633
1204,49.668749999999996,0.003,60.0,0.14900624999999998
1205,108.06187500000001,0.007,60.0,0.7564331250000002
1206,108.06000000000002,0.007,60.0,0.7564200000000001
1207,103.87875,0.007,60.0,0.72715125
1208,50.0775,0.003,60.0,0.1502325
1209,108.2775,0.008,60.0,0.86622
1210,108.13312500000002,0.008,60.0,0.8650650000000002
1211,79.44375,0.005,60.0,0.39721874999999995
1212,108.204375,0.008,60.0,0.865635
1213,108.208125,0.008,60.0,0.865665
1214,50.894999999999996,0.003,60.0,0.152685
1215,50.075624999999995,0.003,60.0,0.15022687499999998
1216,108.140625,0.007,60.0,0.756984375
1217,108.05812499999999,0.008,60.0,0.8644649999999999
1218,52.11375,0.003,60.0,0.15634125000000001
1219,78.49499999999999,0.005,60.0,0.39247499999999996
1220,108.06000000000002,0.008,60.0,0.8644800000000001
1221,108.06000000000002,0.008,60.0,0.8644800000000001
1222,50.484375,0.003,60.0,0.151453125
1223,50.484375,0.003,60.0,0.151453125
1224,108.21,0.008,60.0,0.86568
1225,108.13875,0.008,60.0,0.86511
1226,108.211875,0.008,60.0,0.8656950000000001
1227,94.89375,0.007,60.0,0.66425625
1228,108.136875,0.008,60.0,0.8650950000000001
1229,105.84937499999998,0.007,60.0,0.7409456249999998
1230,108.73499999999999,0.008,60.0,0.8698799999999999
1231,78.496875,0.006,60.0,0.47098125
1232,108.21,0.008,60.0,0.86568
1233,56.124375,0.004,60.0,0.22449750000000002
1234,50.07937499999999,0.003,60.0,0.15023812499999997
1235,108.208125,0.008,60.0,0.865665
1236,100.1775,0.007,60.0,0.7012425
1237,108.136875,0.008,60.0,0.8650950000000001
1238,105.271875,0.008,60.0,0.842175
1239,105.740625,0.007,60.0,0.740184375
1240,52.111875,0.004,60.0,0.2084475
1241,50.075624999999995,0.003,60.0,0.15022687499999998
1242,101.99062500000001,0.007,60.0,0.7139343750000001
1243,108.136875,0.008,60.0,0.8650950000000001
1244,87.8625,0.006,60.0,0.527175
1245,52.515,0.004,60.0,0.21006
1246,50.075624999999995,0.003,60.0,0.15022687499999998
1247,105.74437500000002,0.007,60.0,0.7402106250000001
1248,86.503125,0.006,60.0,0.51901875
1249,54.931875000000005,0.004,60.0,0.21972750000000002
1250,108.34875,0.008,60.0,0.86679
1251,50.07937499999999,0.003,60.0,0.15023812499999997
1252,86.22937499999999,0.006,60.0,0.51737625
1253,108.20625,0.008,60.0,0.86565
1254,105.62625,0.007,60.0,0.73938375
1255,108.204375,0.008,60.0,0.865635
1256,50.0775,0.003,60.0,0.1502325
1257,50.0775,0.003,60.0,0.1502325
1258,108.208125,0.008,60.0,0.865665
1259,105.73687499999998,0.007,60.0,0.7401581249999999
1260,99.1125,0.007,60.0,0.6937875
1261,108.800625,0.008,60.0,0.870405
1262,108.80249999999998,0.008,60.0,0.8704199999999999
1263,52.513125,0.004,60.0,0.2100525
1264,87.03562500000001,0.006,60.0,0.52221375
1265,108.489375,0.008,60.0,0.867915
1266,52.11,0.004,60.0,0.20844000000000001
1267,52.92375,0.004,60.0,0.211695
1268,52.11,0.004,60.0,0.20844000000000001
1269,51.705,0.003,60.0,0.155115
1270,51.70687499999999,0.004,60.0,0.20682749999999997
1271,108.34312500000001,0.008,60.0,0.8667450000000001
1272,51.70687499999999,0.004,60.0,0.20682749999999997
1273,51.70687499999999,0.004,60.0,0.20682749999999997
1274,108.21,0.008,60.0,0.86568
1275,105.5175,0.007,60.0,0.7386225
1276,108.20625,0.008,60.0,0.86565
1277,50.075624999999995,0.003,60.0,0.15022687499999998
1278,50.893125000000005,0.004,60.0,0.20357250000000002
1279,50.48625,0.003,60.0,0.15145875
1280,108.2775,0.008,60.0,0.86622
1281,87.594375,0.006,60.0,0.52556625
1282,109.2825,0.008,60.0,0.87426
1283,97.98187500000002,0.007,60.0,0.6858731250000001
1284,52.111875,0.004,60.0,0.2084475
1285,56.128125,0.004,60.0,0.2245125
1286,108.80249999999998,0.008,60.0,0.8704199999999999
1287,108.915,0.008,60.0,0.8713200000000001
1288,104.0175,0.007,60.0,0.7281225
1289,108.13500000000002,0.008,60.0,0.8650800000000002
1290,107.983125,0.008,60.0,0.863865
1291,71.0775,0.006,60.0,0.42646500000000004
1292,50.48625,0.003,60.0,0.15145875
1293,59.6475,0.004,60.0,0.23859
1294,85.95750000000001,0.006,60.0,0.5157450000000001
1295,108.13312500000002,0.007,60.0,0.7569318750000001
1296,101.67375,0.007,60.0,0.71171625
1297,101.83500000000001,0.007,60.0,0.7128450000000001
1298,50.0775,0.003,60.0,0.1502325
1299,50.0775,0.003,60.0,0.1502325
1300,108.136875,0.008,60.0,0.8650950000000001
1301,50.48625,0.003,60.0,0.15145875
1302,50.07937499999999,0.003,60.0,0.15023812499999997
1303,51.70687499999999,0.003,60.0,0.15512062499999998
1304,50.075624999999995,0.003,60.0,0.15022687499999998
1305,50.0775,0.003,60.0,0.1502325
1306,66.455625,0.005,60.0,0.332278125
1307,100.164375,0.007,60.0,0.701150625
1308,108.05812499999999,0.008,60.0,0.8644649999999999
1309,51.30187500000001,0.003,60.0,0.15390562500000005
1310,50.073750000000004,0.003,60.0,0.15022125000000003
1311,50.073750000000004,0.003,60.0,0.15022125000000003
1312,92.634375,0.006,60.0,0.5558062500000001
1313,77.311875,0.006,60.0,0.46387125
1314,110.1075,0.005,60.0,0.5505375
1315,122.878125,0.004,60.0,0.4915125
1316,50.075624999999995,0.003,60.0,0.15022687499999998
1317,50.075624999999995,0.003,60.0,0.15022687499999998
1318,50.484375,0.003,60.0,0.151453125
1319,101.83500000000001,0.007,60.0,0.7128450000000001
1320,107.98687499999998,0.007,60.0,0.7559081249999999
1321,108.13500000000002,0.008,60.0,0.8650800000000002
1322,51.29812499999999,0.003,60.0,0.15389437499999997
1323,52.11,0.003,60.0,0.15633
1324,53.72249999999999,0.004,60.0,0.21488999999999997
1325,108.800625,0.008,60.0,0.870405
1326,51.70687499999999,0.004,60.0,0.20682749999999997
1327,79.43625,0.006,60.0,0.4766175
1328,108.54749999999999,0.008,60.0,0.8683799999999999
1329,94.021875,0.006,60.0,0.56413125
1330,52.111875,0.004,60.0,0.2084475
1331,52.11375,0.003,60.0,0.15634125000000001
1332,108.860625,0.008,60.0,0.870885
1333,108.73875000000001,0.008,60.0,0.8699100000000001
1334,52.92375,0.004,60.0,0.211695
1335,80.990625,0.005,60.0,0.40495312499999997
1336,52.111875,0.004,60.0,0.2084475
1337,51.29812499999999,0.003,60.0,0.15389437499999997
1338,51.705,0.003,60.0,0.155115
1339,80.37937500000001,0.006,60.0,0.4822762500000001
1340,108.916875,0.008,60.0,0.8713350000000001
1341,108.97687500000002,0.008,60.0,0.8718150000000002
1342,52.11,0.003,60.0,0.15633
1343,69.34125,0.005,60.0,0.34670625
1344,101.99062500000001,0.007,60.0,0.7139343750000001
1345,107.50125,0.008,60.0,0.86001
1346,108.05812499999999,0.008,60.0,0.8644649999999999
1347,108.13312500000002,0.007,60.0,0.7569318750000001
1348,86.23125,0.006,60.0,0.5173875
1349,108.13125,0.008,60.0,0.86505
1350,50.0775,0.003,60.0,0.1502325
1351,108.279375,0.008,60.0,0.866235
1352,50.075624999999995,0.003,60.0,0.15022687499999998
1353,101.83312500000001,0.007,60.0,0.7128318750000001
1354,108.13312500000002,0.008,60.0,0.8650650000000002
1355,108.13500000000002,0.008,60.0,0.8650800000000002
1356,86.50874999999999,0.006,60.0,0.5190524999999999
1357,108.13125,0.007,60.0,0.75691875
1358,108.28125,0.008,60.0,0.86625
1359,104.66625000000002,0.007,60.0,0.7326637500000002
1360,78.811875,0.005,60.0,0.394059375
1361,107.98499999999999,0.008,60.0,0.8638799999999999
1362,108.41437500000002,0.008,60.0,0.8673150000000002
1363,108.279375,0.008,60.0,0.866235
1364,83.6775,0.005,60.0,0.41838749999999997
1365,105.2775,0.007,60.0,0.7369425000000001
1366,106.27687499999999,0.007,60.0,0.7439381249999999
1367,122.878125,0.007,783.36,0.860146875
1368,82.794375,0.006,60.0,0.49676625
1369,108.20625,0.008,786.42,0.86565
1370,108.05812499999999,0.008,784.8960000000001,0.8644649999999999
1371,104.28,0.007,60.0,0.72996
1372,78.815625,0.005,60.0,0.394078125
1373,108.13312500000002,0.008,60.0,0.8650650000000002
1374,108.05812499999999,0.007,60.0,0.7564068749999999
1375,108.13875,0.008,786.42,0.86511
1376,108.136875,0.007,60.0,0.756958125
1377,108.06187500000001,0.008,60.0,0.8644950000000001
1378,108.204375,0.008,786.42,0.865635
1379,105.50625,0.007,60.0,0.7385437499999999
1380,108.13312500000002,0.007,60.0,0.7569318750000001
1381,101.83125,0.007,60.0,0.71281875
1382,108.13125,0.008,60.0,0.86505
1383,108.13500000000002,0.008,786.42,0.8650800000000002
1384,108.13312500000002,0.008,786.42,0.8650650000000002
1385,85.959375,0.006,60.0,0.51575625
1386,106.06125,0.007,60.0,0.74242875
1387,107.154375,0.007,60.0,0.7500806250000001
1388,108.800625,0.008,60.0,0.870405
1389,83.386875,0.006,60.0,0.50032125
1390,108.208125,0.008,60.0,0.865665
1391,108.06187500000001,0.008,60.0,0.8644950000000001
1392,108.136875,0.007,98.29199999999999,0.756958125
1393,94.89937499999999,0.007,60.0,0.664295625
1394,108.8625,0.008,60.0,0.8709
1395,107.33250000000001,0.008,60.0,0.8586600000000001
1396,108.208125,0.008,60.0,0.865665
1397,78.49875,0.005,60.0,0.39249375000000003
1398,108.06000000000002,0.008,60.0,0.8644800000000001
1399,108.13312500000002,0.007,60.0,0.7569318750000001
1400,108.05812499999999,0.007,786.42,0.7564068749999999
1401,85.951875,0.006,60.0,0.5157112500000001
1402,108.204375,0.008,60.0,0.865635
1403,108.13875,0.008,60.0,0.86511
1404,108.208125,0.008,786.42,0.865665
1405,80.07000000000001,0.005,60.0,0.40035000000000004
1406,106.48499999999999,0.007,60.0,0.7453949999999999
1407,108.06375,0.008,60.0,0.86451
1408,108.136875,0.008,60.0,0.8650950000000001
1409,108.28125,0.008,786.42,0.86625
1410,122.878125,0.008,786.42,0.983025
1411,122.64000000000001,0.008,786.42,0.9811200000000001
1412,122.878125,0.008,783.36,0.983025
1413,122.878125,0.008,786.42,0.983025
1414,78.17625000000001,0.005,60.0,0.39088125000000007
1415,108.13312500000002,0.008,60.0,0.8650650000000002
1416,106.685625,0.007,60.0,0.746799375
1417,105.03187499999999,0.007,60.0,0.7352231249999999
1418,83.386875,0.006,60.0,0.50032125
1419,108.204375,0.008,60.0,0.865635
1420,108.27375000000002,0.008,60.0,0.8661900000000002
1421,104.146875,0.007,60.0,0.729028125
1422,85.95750000000001,0.006,60.0,0.5157450000000001
1423,108.136875,0.008,60.0,0.8650950000000001
1424,104.0175,0.007,60.0,0.7281225
1425,94.00500000000001,0.007,60.0,0.658035
1426,85.95375,0.006,60.0,0.5157225
1427,108.13125,0.008,60.0,0.86505
1428,108.13312500000002,0.008,60.0,0.8650650000000002
1429,108.13312500000002,0.008,60.0,0.8650650000000002
1430,78.49499999999999,0.005,60.0,0.39247499999999996
1431,108.21,0.007,60.0,0.75747
1432,108.136875,0.008,60.0,0.8650950000000001
1433,105.9675,0.007,60.0,0.7417725000000001
1434,83.68125,0.006,60.0,0.5020875
1435,108.204375,0.008,60.0,0.865635
1436,108.20625,0.008,60.0,0.86565
1437,106.785,0.008,60.0,0.85428
1438,86.22937499999999,0.006,60.0,0.51737625
1439,108.20625,0.008,60.0,0.86565
1440,108.211875,0.008,60.0,0.8656950000000001
1441,108.13125,0.008,786.42,0.86505
1442,94.6725,0.006,60.0,0.568035
1443,108.41625000000002,0.008,60.0,0.8673300000000002
1444,108.13125,0.008,786.0479999999999,0.86505
1445,108.21,0.008,786.42,0.86568
1446,122.878125,0.008,786.42,0.983025
1447,122.878125,0.008,786.42,0.983025
1448,108.136875,0.008,60.0,0.8650950000000001
1449,108.13500000000002,0.007,60.0,0.7569450000000002
1450,108.13500000000002,0.007,786.42,0.7569450000000002
1451,78.49875,0.005,60.0,0.39249375000000003
1452,108.136875,0.008,60.0,0.8650950000000001
1453,108.211875,0.008,60.0,0.8656950000000001
1454,108.06000000000002,0.015,786.42,1.6209000000000002
1455,79.126875,0.005,60.0,0.395634375
1456,108.2775,0.008,60.0,0.86622
1457,108.13125,0.008,60.0,0.86505
1458,106.07062500000002,0.007,60.0,0.7424943750000002
1459,79.130625,0.005,60.0,0.395653125
1460,108.13500000000002,0.008,60.0,0.8650800000000002
1461,108.12937500000001,0.008,60.0,0.8650350000000001
1462,108.20625,0.511,786.42,55.29339375
1463,86.23125,0.006,60.0,0.5173875
1464,107.983125,0.008,60.0,0.863865
1465,108.13875,0.008,786.42,0.86511
1466,108.20625,0.008,60.0,0.86565
1467,80.3775,0.006,60.0,0.482265
1468,108.13500000000002,0.007,60.0,0.7569450000000002
1469,108.13500000000002,0.008,60.0,0.8650800000000002
1470,108.136875,0.008,60.0,0.8650950000000001
1471,85.955625,0.006,60.0,0.51573375
1472,108.208125,0.008,60.0,0.865665
1473,106.48499999999999,0.007,60.0,0.7453949999999999
1474,108.21,0.007,60.0,0.75747
1475,86.50687500000001,0.006,60.0,0.51904125
1476,108.208125,0.007,60.0,0.757456875
1477,108.136875,0.008,60.0,0.8650950000000001
1478,108.13875,0.007,786.42,0.75697125
1479,105.96,0.007,60.0,0.7417199999999999
1480,107.98125,0.007,60.0,0.7558687500000001
1481,108.13312500000002,0.007,60.0,0.7569318750000001
1482,105.628125,0.007,60.0,0.739396875
1483,105.853125,0.007,60.0,0.7409718750000001
1484,79.13250000000001,0.005,60.0,0.39566250000000003
1485,108.20625,0.008,60.0,0.86565
1486,107.248125,0.007,60.0,0.7507368750000001
1487,108.13875,0.008,60.0,0.86511
1488,79.12875,0.006,60.0,0.4747725
1489,107.668125,0.008,60.0,0.861345
1490,107.5875,0.007,60.0,0.7531125000000001
1491,108.13312500000002,0.008,60.0,0.8650650000000002
1492,86.23125,0.006,60.0,0.5173875
1493,108.20250000000001,0.008,60.0,0.8656200000000002
1494,108.208125,0.008,60.0,0.865665
1495,108.136875,0.008,786.42,0.8650950000000001
1496,78.496875,0.005,60.0,0.392484375
1497,108.21,0.008,60.0,0.86568
1498,108.136875,0.008,60.0,0.8650950000000001
1499,108.13500000000002,0.015,786.42,1.6220250000000003
1500,85.955625,0.006,60.0,0.51573375
1501,103.18687500000001,0.007,60.0,0.7223081250000001
1502,108.12937500000001,0.008,60.0,0.8650350000000001
1503,108.204375,0.008,786.42,0.865635
1504,81.60187499999999,0.006,60.0,0.48961124999999994
1505,108.12937500000001,0.008,60.0,0.8650350000000001
1506,107.668125,0.007,60.0,0.753676875
1507,108.13312500000002,0.008,60.0,0.8650650000000002
1508,79.4475,0.005,60.0,0.3972375
1509,108.06187500000001,0.008,60.0,0.8644950000000001
1510,108.21,0.008,60.0,0.86568
1511,108.136875,0.008,60.0,0.8650950000000001
1512,108.208125,0.008,786.42,0.865665
1513,105.39375,0.007,60.0,0.73775625
1514,108.12937500000001,0.008,60.0,0.8650350000000001
1515,108.13500000000002,0.008,786.42,0.8650800000000002
1516,108.208125,0.008,786.42,0.865665
1517,86.22937499999999,0.006,60.0,0.51737625
1518,108.136875,0.008,60.0,0.8650950000000001
1519,108.13312500000002,0.008,60.0,0.8650650000000002
1520,108.20625,0.008,60.0,0.86565
1521,79.126875,0.005,60.0,0.395634375
1522,108.13125,0.008,60.0,0.86505
1523,103.87875,0.007,60.0,0.72715125
1524,105.62437500000001,0.007,60.0,0.7393706250000002
1525,86.22937499999999,0.006,60.0,0.51737625
1526,108.208125,0.008,60.0,0.865665
1527,108.13500000000002,0.008,60.0,0.8650800000000002
1528,108.13500000000002,0.008,786.42,0.8650800000000002
1529,85.95,0.006,60.0,0.5157
1530,108.13312500000002,0.008,60.0,0.8650650000000002
1531,108.13312500000002,0.008,60.0,0.8650650000000002
1532,108.34125000000002,0.008,786.42,0.8667300000000001
1533,78.496875,0.006,60.0,0.47098125
1534,105.96375,0.007,60.0,0.74174625
1535,108.13500000000002,0.008,60.0,0.8650800000000002
1536,108.21,0.008,60.0,0.86568
1537,85.955625,0.006,60.0,0.51573375
1538,108.13312500000002,0.008,60.0,0.8650650000000002
1539,108.13125,0.008,60.0,0.86505
1540,102.6,0.007,60.0,0.7182
1541,75.909375,0.005,60.0,0.379546875
1542,108.13125,0.008,60.0,0.86505
1543,108.279375,0.008,60.0,0.866235
1544,108.13312500000002,0.008,786.42,0.8650650000000002
1545,108.27375000000002,0.007,60.0,0.7579162500000002
1546,108.13125,0.008,60.0,0.86505
1547,108.20625,0.008,60.0,0.86565
1548,105.62250000000002,0.007,60.0,0.7393575000000001
1549,108.20250000000001,0.008,60.0,0.8656200000000002
1550,81.8925,0.006,60.0,0.491355
1551,108.13500000000002,0.008,60.0,0.8650800000000002
1552,108.20625,0.008,60.0,0.86565
1553,108.13500000000002,0.008,786.42,0.8650800000000002
1554,78.49312499999999,0.005,60.0,0.392465625
1555,108.13500000000002,0.008,60.0,0.8650800000000002
1556,108.20625,0.008,60.0,0.86565
1557,108.13312500000002,0.008,786.42,0.8650650000000002
1558,85.951875,0.006,60.0,0.5157112500000001
1559,107.5875,0.007,60.0,0.7531125000000001
1560,108.208125,0.008,60.0,0.865665
1561,108.27562500000002,0.008,60.0,0.8662050000000002
1562,86.22749999999999,0.006,60.0,0.517365
1563,108.20250000000001,0.007,60.0,0.7574175000000001
1564,108.680625,0.007,60.0,0.760764375
1565,108.13312500000002,0.008,60.0,0.8650650000000002
1566,80.375625,0.006,60.0,0.48225375
1567,108.85875000000001,0.008,60.0,0.8708700000000001
1568,108.20625,0.008,60.0,0.86565
1569,108.136875,0.008,786.42,0.8650950000000001
1570,86.23125,0.006,60.0,0.5173875
1571,105.51375,0.007,60.0,0.7385962500000001
1572,108.27375000000002,0.008,60.0,0.8661900000000002
1573,108.204375,0.008,60.0,0.865635
1574,78.811875,0.005,60.0,0.394059375
1575,108.13312500000002,0.008,60.0,0.8650650000000002
1576,108.12937500000001,0.008,60.0,0.8650350000000001
1577,108.20062500000002,0.008,60.0,0.8656050000000002
1578,106.37625,0.007,60.0,0.74463375
1579,108.20625,0.008,60.0,0.86565
1580,106.48687499999998,0.007,60.0,0.7454081249999999
1581,108.20625,0.008,60.0,0.86565
1582,105.50812500000002,0.007,60.0,0.7385568750000001
1583,101.668125,0.007,60.0,0.711676875
1584,104.79,0.007,60.0,0.73353
1585,108.13125,0.008,60.0,0.86505
1586,108.13312500000002,0.008,60.0,0.8650650000000002
1587,78.815625,0.006,60.0,0.47289375
1588,108.2775,0.008,60.0,0.86622
1589,108.279375,0.008,60.0,0.866235
1590,108.208125,0.008,786.42,0.865665
1591,86.22937499999999,0.006,60.0,0.51737625
1592,105.95250000000001,0.007,60.0,0.7416675000000001
1593,107.15062500000002,0.007,60.0,0.7500543750000002
1594,108.85687500000002,0.008,60.0,0.8708550000000002
1595,80.68312499999999,0.006,60.0,0.48409874999999997
1596,108.13500000000002,0.008,60.0,0.8650800000000002
1597,108.136875,0.008,60.0,0.8650950000000001
1598,108.2775,0.063,786.42,6.8214825
1599,83.08874999999999,0.006,60.0,0.49853249999999993
1600,122.878125,0.006,786.42,0.73726875
1601,122.878125,0.006,783.36,0.73726875
1602,122.64000000000001,0.006,783.36,0.73584
1603,85.11375000000001,0.006,60.0,0.5106825
1604,106.37625,0.007,60.0,0.74463375
1605,106.87875,0.007,60.0,0.74815125
1606,108.13125,0.008,60.0,0.86505
1607,83.968125,0.006,60.0,0.50380875
1608,108.204375,0.008,60.0,0.865635
1609,108.204375,0.008,60.0,0.865635
1610,108.12937500000001,0.008,60.0,0.8650350000000001
1611,108.13312500000002,0.008,60.0,0.8650650000000002
1612,108.05625,0.008,60.0,0.86445
1613,108.13125,0.007,60.0,0.75691875
1614,108.208125,0.008,60.0,0.865665
1615,108.20625,0.007,60.0,0.75744375
1616,101.83125,0.007,60.0,0.71281875
1617,108.204375,0.008,60.0,0.865635
1618,108.208125,0.008,60.0,0.865665
1619,107.91,0.008,60.0,0.8632799999999999
1620,87.856875,0.006,60.0,0.52714125
1621,108.85499999999999,0.008,60.0,0.87084
1622,108.13125,0.008,60.0,0.86505
1623,108.13125,0.008,60.0,0.86505
1624,80.06625,0.006,60.0,0.4803975
1625,108.800625,0.008,60.0,0.870405
1626,108.79875,0.008,60.0,0.87039
1627,107.98499999999999,0.008,60.0,0.8638799999999999
1628,87.85875,0.006,60.0,0.5271525
1629,108.85875000000001,0.008,60.0,0.8708700000000001
1630,108.13312500000002,0.008,60.0,0.8650650000000002
1631,108.05812499999999,0.007,60.0,0.7564068749999999
1632,86.780625,0.006,60.0,0.52068375
1633,108.21,0.008,60.0,0.86568
1634,108.13500000000002,0.007,60.0,0.7569450000000002
1635,108.13125,0.007,786.42,0.75691875
1636,86.23125,0.006,60.0,0.5173875
1637,108.204375,0.007,60.0,0.757430625
1638,108.20625,0.008,60.0,0.86565
1639,106.38375,0.007,60.0,0.7446862500000001
1640,82.501875,0.005,60.0,0.412509375
1641,108.13312500000002,0.007,60.0,0.7569318750000001
1642,108.13312500000002,0.008,60.0,0.8650650000000002
1643,107.668125,0.007,60.0,0.753676875
1644,101.829375,0.007,60.0,0.712805625
1645,108.06187500000001,0.008,60.0,0.8644950000000001
1646,105.50812500000002,0.007,60.0,0.7385568750000001
1647,108.20625,0.008,60.0,0.86565
1648,108.204375,0.008,60.0,0.865635
1649,94.88250000000001,0.007,60.0,0.6641775000000001
1650,108.13312500000002,0.008,60.0,0.8650650000000002
1651,108.06187500000001,0.008,60.0,0.8644950000000001
1652,108.13125,0.008,786.42,0.86505
1653,86.22749999999999,0.006,60.0,0.517365
1654,108.13312500000002,0.008,60.0,0.8650650000000002
1655,108.13125,0.008,60.0,0.86505
1656,108.12937500000001,0.063,786.42,6.812150625000001
1657,86.50687500000001,0.006,60.0,0.51904125
1658,108.13312500000002,0.007,60.0,0.7569318750000001
1659,108.13125,0.008,60.0,0.86505
1660,108.12937500000001,0.008,786.42,0.8650350000000001
1661,86.23125,0.006,60.0,0.5173875
1662,104.146875,0.007,60.0,0.729028125
1663,108.13125,0.008,60.0,0.86505
1664,107.58937499999999,0.008,60.0,0.8607149999999999
1665,85.955625,0.006,60.0,0.51573375
1666,108.208125,0.008,60.0,0.865665
1667,108.208125,0.008,60.0,0.865665
1668,108.208125,0.008,60.0,0.865665
1669,85.955625,0.006,60.0,0.51573375
1670,108.13312500000002,0.008,60.0,0.8650650000000002
1671,108.13312500000002,0.008,60.0,0.8650650000000002
1672,108.27562500000002,0.008,60.0,0.8662050000000002
1673,86.503125,0.006,60.0,0.51901875
1674,107.74875,0.008,60.0,0.86199
1675,108.204375,0.008,60.0,0.865635
1676,108.21,0.008,60.0,0.86568
1677,86.23125,0.006,60.0,0.5173875
1678,108.20625,0.007,60.0,0.75744375
1679,108.13125,0.008,60.0,0.86505
1680,108.05437499999998,0.008,60.0,0.8644349999999998
1681,108.13125,0.008,60.0,0.86505
1682,78.49312499999999,0.005,60.0,0.392465625
1683,105.954375,0.007,60.0,0.741680625
1684,108.20062500000002,0.008,60.0,0.8656050000000002
1685,108.13312500000002,0.008,60.0,0.8650650000000002
1686,85.674375,0.006,60.0,0.51404625
1687,108.13500000000002,0.008,60.0,0.8650800000000002
1688,108.20250000000001,0.008,60.0,0.8656200000000002
1689,108.05625,0.008,60.0,0.86445
1690,81.59812500000001,0.005,60.0,0.40799062500000005
1691,108.13500000000002,0.008,60.0,0.8650800000000002
1692,108.279375,0.008,60.0,0.866235
1693,108.13312500000002,0.007,60.0,0.7569318750000001
1694,86.77875,0.006,60.0,0.5206725
1695,108.13125,0.007,60.0,0.75691875
1696,107.668125,0.007,60.0,0.753676875
1697,108.20625,0.008,60.0,0.86565
1698,85.95375,0.006,60.0,0.5157225
1699,108.208125,0.008,60.0,0.865665
1700,108.13312500000002,0.008,60.0,0.8650650000000002
1701,108.05625,0.008,60.0,0.86445
1702,86.50874999999999,0.006,60.0,0.5190524999999999
1703,108.06375,0.008,60.0,0.86451
1704,108.13312500000002,0.008,60.0,0.8650650000000002
1705,108.136875,0.008,60.0,0.8650950000000001
1706,86.233125,0.006,60.0,0.51739875
1707,108.06187500000001,0.008,60.0,0.8644950000000001
1708,106.17,0.007,60.0,0.74319
1709,108.06000000000002,0.008,60.0,0.8644800000000001
1710,86.22937499999999,0.006,60.0,0.51737625
1711,108.13125,0.008,60.0,0.86505
1712,108.2775,0.008,60.0,0.86622
1713,108.13125,0.008,60.0,0.86505
1714,108.21,0.008,60.0,0.86568
1715,101.99062500000001,0.007,60.0,0.7139343750000001
1716,108.136875,0.008,60.0,0.8650950000000001
1717,108.13125,0.008,60.0,0.86505
1718,108.13312500000002,0.008,60.0,0.8650650000000002
1719,85.951875,0.006,60.0,0.5157112500000001
1720,108.05625,0.008,60.0,0.86445
1721,108.06000000000002,0.008,60.0,0.8644800000000001
1722,108.13500000000002,0.008,60.0,0.8650800000000002
1723,80.3775,0.006,60.0,0.482265
1724,108.796875,0.008,60.0,0.870375
1725,108.913125,0.008,60.0,0.871305
1726,108.80437499999998,0.007,60.0,0.7616306249999999
1727,84.82875,0.006,60.0,0.5089725
1728,106.17,0.007,60.0,0.74319
1729,106.284375,0.007,60.0,0.743990625
1730,108.85875000000001,0.008,60.0,0.8708700000000001
1731,87.85875,0.006,60.0,0.5271525
1732,108.796875,0.008,60.0,0.870375
1733,108.916875,0.008,60.0,0.8713350000000001
1734,108.80249999999998,0.008,60.0,0.8704199999999999
1735,88.126875,0.006,60.0,0.52876125
1736,108.85687500000002,0.008,60.0,0.8708550000000002
1737,105.271875,0.007,60.0,0.736903125
1738,106.876875,0.007,60.0,0.748138125
1739,85.396875,0.006,60.0,0.51238125
1740,108.13312500000002,0.008,60.0,0.8650650000000002
1741,108.05812499999999,0.008,60.0,0.8644649999999999
1742,108.13125,0.008,60.0,0.86505
1743,78.496875,0.005,60.0,0.392484375
1744,108.136875,0.007,60.0,0.756958125
1745,108.208125,0.007,60.0,0.757456875
1746,108.13875,0.008,60.0,0.86511
1747,108.06000000000002,0.007,60.0,0.7564200000000001
1748,86.233125,0.006,60.0,0.51739875
1749,108.13500000000002,0.008,60.0,0.8650800000000002
1750,108.06187500000001,0.008,60.0,0.8644950000000001
1751,108.06187500000001,0.008,60.0,0.8644950000000001
1752,82.201875,0.005,60.0,0.411009375
1753,108.13875,0.008,60.0,0.86511
1754,108.06187500000001,0.008,60.0,0.8644950000000001
1755,105.03374999999998,0.007,60.0,0.7352362499999999
1756,81.90187499999999,0.005,60.0,0.40950937499999995
1757,108.13500000000002,0.008,60.0,0.8650800000000002
1758,108.13500000000002,0.008,60.0,0.8650800000000002
1759,108.13125,0.008,60.0,0.86505
1760,78.811875,0.005,60.0,0.394059375
1761,108.05625,0.008,60.0,0.86445
1762,108.13500000000002,0.008,60.0,0.8650800000000002
1763,108.13500000000002,0.008,60.0,0.8650800000000002
1764,86.22937499999999,0.006,60.0,0.51737625
1765,108.05812499999999,0.008,60.0,0.8644649999999999
1766,108.208125,0.008,60.0,0.865665
1767,108.136875,0.008,60.0,0.8650950000000001
1768,85.95375,0.006,60.0,0.5157225
1769,108.12937500000001,0.008,60.0,0.8650350000000001
1770,108.06000000000002,0.008,60.0,0.8644800000000001
1771,108.06000000000002,0.008,60.0,0.8644800000000001
1772,78.178125,0.006,60.0,0.46906875
1773,107.829375,0.008,60.0,0.862635
1774,108.13312500000002,0.008,60.0,0.8650650000000002
1775,108.20625,0.008,60.0,0.86565
1776,78.496875,0.005,60.0,0.392484375
1777,108.13500000000002,0.008,60.0,0.8650800000000002
1778,108.05812499999999,0.008,60.0,0.8644649999999999
1779,104.79375,0.007,60.0,0.73355625
1780,108.13312500000002,0.008,60.0,0.8650650000000002
1781,108.05812499999999,0.008,60.0,0.8644649999999999
1782,108.05812499999999,0.008,60.0,0.8644649999999999
1783,108.13125,0.008,60.0,0.86505
1784,108.05812499999999,0.007,60.0,0.7564068749999999
1785,78.81375,0.005,60.0,0.39406875
1786,108.13500000000002,0.008,60.0,0.8650800000000002
1787,108.05812499999999,0.007,60.0,0.7564068749999999
1788,108.05812499999999,0.008,60.0,0.8644649999999999
1789,86.23125,0.006,60.0,0.5173875
1790,108.06000000000002,0.008,60.0,0.8644800000000001
1791,108.12937500000001,0.008,60.0,0.8650350000000001
1792,106.27875000000002,0.007,60.0,0.7439512500000002
1793,86.22937499999999,0.006,60.0,0.51737625
1794,108.13312500000002,0.008,60.0,0.8650650000000002
1795,108.136875,0.008,60.0,0.8650950000000001
1796,108.13125,0.008,60.0,0.86505
1797,85.95375,0.006,60.0,0.5157225
1798,108.13312500000002,0.008,60.0,0.8650650000000002
1799,108.13312500000002,0.008,60.0,0.8650650000000002
1800,108.13312500000002,0.007,60.0,0.7569318750000001
1801,85.95375,0.006,60.0,0.5157225
1802,108.20062500000002,0.008,60.0,0.8656050000000002
1803,108.20625,0.008,60.0,0.86565
1804,108.13500000000002,0.008,60.0,0.8650800000000002
1805,85.95375,0.006,60.0,0.5157225
1806,108.13125,0.008,60.0,0.86505
1807,108.06000000000002,0.008,60.0,0.8644800000000001
1808,108.204375,0.007,60.0,0.757430625
1809,86.23125,0.006,60.0,0.5173875
1810,108.06000000000002,0.008,60.0,0.8644800000000001
1811,108.05625,0.008,60.0,0.86445
1812,107.50875,0.007,60.0,0.7525612500000001
1813,108.13500000000002,0.008,60.0,0.8650800000000002
1814,105.733125,0.007,60.0,0.740131875
1815,108.13312500000002,0.008,60.0,0.8650650000000002
1816,108.204375,0.008,60.0,0.865635
1817,108.12937500000001,0.008,60.0,0.8650350000000001
1818,86.23125,0.006,60.0,0.5173875
1819,108.13125,0.008,60.0,0.86505
1820,108.20250000000001,0.008,60.0,0.8656200000000002
1821,108.204375,0.008,60.0,0.865635
1822,86.77875,0.006,60.0,0.5206725
1823,108.13500000000002,0.008,60.0,0.8650800000000002
1824,108.13312500000002,0.008,60.0,0.8650650000000002
1825,106.38,0.007,60.0,0.74466
1826,79.75687500000001,0.006,60.0,0.4785412500000001
1827,108.13500000000002,0.008,60.0,0.8650800000000002
1828,108.27562500000002,0.008,60.0,0.8662050000000002
1829,108.20250000000001,0.008,60.0,0.8656200000000002
1830,79.44187500000001,0.005,60.0,0.3972093750000001
1831,108.21,0.008,60.0,0.86568
1832,106.479375,0.008,60.0,0.851835
1833,108.204375,0.008,60.0,0.865635
1834,86.233125,0.006,60.0,0.51739875
1835,108.13875,0.008,60.0,0.86511
1836,108.13125,0.008,60.0,0.86505
1837,106.58812500000002,0.007,60.0,0.7461168750000001
1838,87.860625,0.006,60.0,0.52716375
1839,108.913125,0.008,60.0,0.871305
1840,108.916875,0.008,60.0,0.8713350000000001
1841,108.800625,0.008,60.0,0.870405
1842,87.860625,0.006,60.0,0.52716375
1843,108.85875000000001,0.008,60.0,0.8708700000000001
1844,108.860625,0.008,60.0,0.870885
1845,108.48187500000002,0.008,60.0,0.8678550000000002
1846,106.97624999999998,0.007,60.0,0.7488337499999999
1847,108.204375,0.007,60.0,0.757430625
1848,104.535,0.007,60.0,0.731745
1849,105.96375,0.007,60.0,0.74174625
1850,108.489375,0.008,60.0,0.867915
1851,94.00500000000001,0.006,60.0,0.56403
1852,108.13500000000002,0.007,60.0,0.7569450000000002
1853,108.279375,0.007,60.0,0.757955625
1854,108.140625,0.007,60.0,0.756984375
1855,78.811875,0.005,60.0,0.394059375
1856,105.628125,0.007,60.0,0.739396875
1857,108.2775,0.008,60.0,0.86622
1858,108.13312500000002,0.008,60.0,0.8650650000000002
1859,78.17999999999999,0.005,60.0,0.39089999999999997
1860,108.204375,0.008,60.0,0.865635
1861,108.21,0.008,60.0,0.86568
1862,108.204375,0.008,60.0,0.865635
1863,78.811875,0.005,60.0,0.394059375
1864,106.87875,0.007,60.0,0.74815125
1865,108.20250000000001,0.008,60.0,0.8656200000000002
1866,108.211875,0.008,60.0,0.8656950000000001
1867,85.955625,0.006,60.0,0.51573375
1868,108.13500000000002,0.007,60.0,0.7569450000000002
1869,108.13312500000002,0.008,60.0,0.8650650000000002
1870,108.13312500000002,0.007,60.0,0.7569318750000001
1871,86.233125,0.006,60.0,0.51739875
1872,107.75062499999999,0.008,60.0,0.8620049999999999
1873,108.204375,0.008,60.0,0.865635
1874,108.20625,0.008,60.0,0.86565
1875,86.23125,0.006,60.0,0.5173875
1876,108.13125,0.008,60.0,0.86505
1877,108.20625,0.008,60.0,0.86565
1878,108.208125,0.008,60.0,0.865665
1879,108.12937500000001,0.008,60.0,0.8650350000000001
1880,94.23375,0.007,60.0,0.65963625
1881,108.20625,0.008,60.0,0.86565
1882,104.79,0.007,60.0,0.73353
1883,108.13312500000002,0.008,60.0,0.8650650000000002
1884,78.49875,0.005,60.0,0.39249375000000003
1885,106.38,0.007,60.0,0.74466
1886,108.204375,0.008,60.0,0.865635
1887,108.13312500000002,0.007,60.0,0.7569318750000001
1888,87.32062499999999,0.006,60.0,0.52392375
1889,108.73875000000001,0.007,60.0,0.7611712500000001
1890,108.80437499999998,0.008,60.0,0.8704349999999998
1891,108.80437499999998,0.007,60.0,0.7616306249999999
1892,80.69250000000001,0.005,60.0,0.40346250000000006
1893,108.13125,0.008,60.0,0.86505
1894,108.13875,0.008,60.0,0.86511
1895,108.06000000000002,0.007,60.0,0.7564200000000001
1896,86.23125,0.006,60.0,0.5173875
1897,108.204375,0.008,60.0,0.865635
1898,108.13125,0.008,60.0,0.86505
1899,108.06375,0.008,60.0,0.86451
1900,86.50687500000001,0.006,60.0,0.51904125
1901,108.8625,0.008,60.0,0.8709
1902,108.85875000000001,0.008,60.0,0.8708700000000001
1903,108.796875,0.008,60.0,0.870375
1904,87.860625,0.006,60.0,0.52716375
1905,107.42249999999999,0.008,60.0,0.8593799999999999
1906,108.800625,0.008,60.0,0.870405
1907,108.61875,0.007,60.0,0.76033125
1908,87.8625,0.006,60.0,0.527175
1909,108.800625,0.008,60.0,0.870405
1910,108.80249999999998,0.008,60.0,0.8704199999999999
1911,108.85687500000002,0.008,60.0,0.8708550000000002
1912,107.33812500000002,0.007,60.0,0.7513668750000001
1913,108.85875000000001,0.008,60.0,0.8708700000000001
1914,108.80437499999998,0.008,60.0,0.8704349999999998
1915,108.74250000000002,0.008,60.0,0.8699400000000002
1916,108.860625,0.007,60.0,0.762024375
1917,103.18125,0.007,60.0,0.72226875
1918,108.920625,0.008,60.0,0.8713650000000001
1919,108.860625,0.007,60.0,0.762024375
1920,108.860625,0.007,60.0,0.762024375
1921,88.126875,0.006,60.0,0.52876125
1922,106.591875,0.007,60.0,0.746143125
1923,108.136875,0.008,60.0,0.8650950000000001
1924,108.279375,0.008,60.0,0.866235
1925,86.23125,0.006,60.0,0.5173875
1926,108.208125,0.007,60.0,0.757456875
1927,108.13500000000002,0.007,60.0,0.7569450000000002
1928,108.20625,0.007,60.0,0.75744375
1929,86.23125,0.006,60.0,0.5173875
1930,104.6625,0.007,60.0,0.7326374999999999
1931,106.175625,0.007,60.0,0.743229375
1932,108.2775,0.007,60.0,0.7579425000000001
1933,86.22937499999999,0.006,60.0,0.51737625
1934,105.73687499999998,0.007,60.0,0.7401581249999999
1935,108.13312500000002,0.007,60.0,0.7569318750000001
1936,106.381875,0.007,60.0,0.7446731249999999
1937,82.501875,0.005,60.0,0.412509375
1938,108.20625,0.007,60.0,0.75744375
1939,108.06000000000002,0.007,60.0,0.7564200000000001
1940,106.875,0.007,60.0,0.748125
1941,85.951875,0.006,60.0,0.5157112500000001
1942,108.20625,0.007,60.0,0.75744375
1943,104.015625,0.007,60.0,0.7281093750000001
1944,108.13312500000002,0.007,60.0,0.7569318750000001
1945,108.13500000000002,0.007,60.0,0.7569450000000002
1946,108.136875,0.007,60.0,0.756958125
1947,108.20625,0.007,60.0,0.75744375
1948,108.21,0.007,60.0,0.75747
1949,108.05812499999999,0.007,60.0,0.7564068749999999
1950,86.22749999999999,0.006,60.0,0.517365
1951,105.84375,0.007,60.0,0.74090625
1952,108.2775,0.007,60.0,0.7579425000000001
1953,108.06187500000001,0.007,60.0,0.7564331250000002
1954,87.05437500000001,0.006,60.0,0.5223262500000001
1955,108.800625,0.007,60.0,0.761604375
1956,108.80437499999998,0.007,60.0,0.7616306249999999
1957,108.80437499999998,0.007,60.0,0.7616306249999999
1958,80.37937500000001,0.005,60.0,0.40189687500000004
1959,108.916875,0.008,60.0,0.8713350000000001
1960,108.800625,0.008,60.0,0.870405
1961,108.80249999999998,0.007,60.0,0.7616174999999998
1962,87.85875,0.006,60.0,0.5271525
1963,108.800625,0.008,60.0,0.870405
1964,108.79875,0.008,60.0,0.87039
1965,108.800625,0.007,60.0,0.761604375
1966,80.375625,0.005,60.0,0.40187812500000003
1967,108.800625,0.007,60.0,0.761604375
1968,108.864375,0.007,60.0,0.762050625
1969,108.860625,0.008,60.0,0.870885
1970,87.85875,0.006,60.0,0.5271525
1971,108.85687500000002,0.008,60.0,0.8708550000000002
1972,108.80249999999998,0.007,60.0,0.7616174999999998
1973,108.800625,0.008,60.0,0.870405
1974,87.860625,0.006,60.0,0.52716375
1975,108.79875,0.007,60.0,0.76159125
1976,107.428125,0.007,60.0,0.751996875
1977,108.34875,0.007,60.0,0.75844125
1978,101.83312500000001,0.007,60.0,0.7128318750000001
1979,108.13125,0.007,60.0,0.75691875
1980,108.20625,0.007,60.0,0.75744375
1981,108.13312500000002,0.007,60.0,0.7569318750000001
1982,108.13312500000002,0.007,60.0,0.7569318750000001
1983,108.136875,0.007,60.0,0.756958125
1984,108.13500000000002,0.007,60.0,0.7569450000000002
1985,108.20625,0.007,60.0,0.75744375
1986,108.06187500000001,0.007,60.0,0.7564331250000002
1987,78.49875,0.005,60.0,0.39249375000000003
1988,104.91374999999998,0.007,60.0,0.7343962499999999
1989,107.06625,0.007,60.0,0.74946375
1990,108.136875,0.007,60.0,0.756958125
1991,78.496875,0.005,60.0,0.392484375
1992,108.13500000000002,0.007,60.0,0.7569450000000002
1993,108.06187500000001,0.007,60.0,0.7564331250000002
1994,108.05625,0.007,60.0,0.7563937500000001
1995,85.955625,0.005,60.0,0.429778125
1996,108.06375,0.007,60.0,0.75644625
1997,105.733125,0.007,60.0,0.740131875
1998,108.13500000000002,0.007,60.0,0.7569450000000002
1999,78.49875,0.005,60.0,0.39249375000000003
2000,106.171875,0.007,60.0,0.743203125
2001,108.345,0.007,60.0,0.7584150000000001
2002,108.06000000000002,0.007,60.0,0.7564200000000001
2003,86.233125,0.006,60.0,0.51739875
2004,108.13312500000002,0.008,60.0,0.8650650000000002
2005,108.13312500000002,0.007,60.0,0.7569318750000001
2006,108.20625,0.008,60.0,0.86565
2007,86.233125,0.006,60.0,0.51739875
2008,108.13500000000002,0.007,60.0,0.7569450000000002
2009,108.21,0.007,60.0,0.75747
2010,108.13312500000002,0.007,60.0,0.7569318750000001
2011,104.926875,0.007,60.0,0.7344881249999999
2012,108.208125,0.007,60.0,0.757456875
2013,108.13312500000002,0.007,60.0,0.7569318750000001
2014,108.136875,0.007,60.0,0.756958125
2015,108.06000000000002,0.007,60.0,0.7564200000000001
2016,85.95375,0.006,60.0,0.5157225
2017,108.13125,0.007,60.0,0.75691875
2018,108.204375,0.007,60.0,0.757430625
2019,108.13500000000002,0.007,60.0,0.7569450000000002
2020,86.233125,0.005,60.0,0.431165625
2021,108.13500000000002,0.007,60.0,0.7569450000000002
2022,108.06375,0.007,60.0,0.75644625
2023,104.66625000000002,0.007,60.0,0.7326637500000002
2024,86.22937499999999,0.005,60.0,0.431146875
2025,108.13875,0.007,60.0,0.75697125
2026,108.13500000000002,0.007,60.0,0.7569450000000002
2027,105.74437500000002,0.007,60.0,0.7402106250000001
2028,102.613125,0.007,60.0,0.718291875
2029,108.06187500000001,0.007,60.0,0.7564331250000002
2030,107.98499999999999,0.007,60.0,0.7558949999999999
2031,108.13312500000002,0.007,60.0,0.7569318750000001
2032,86.235,0.006,60.0,0.51741
2033,108.85875000000001,0.007,60.0,0.7620112500000001
2034,108.85687500000002,0.007,60.0,0.7619981250000001
2035,106.876875,0.007,60.0,0.748138125
2036,80.068125,0.005,60.0,0.400340625
2037,108.860625,0.007,60.0,0.762024375
2038,108.80249999999998,0.008,60.0,0.8704199999999999
2039,108.8625,0.008,60.0,0.8709
2040,87.8625,0.005,60.0,0.4393125
2041,108.80437499999998,0.007,60.0,0.7616306249999999
2042,108.79875,0.008,60.0,0.87039
2043,108.67875,0.008,60.0,0.8694299999999999
2044,95.535,0.006,60.0,0.57321
2045,108.85875000000001,0.007,60.0,0.7620112500000001
2046,108.800625,0.007,60.0,0.761604375
2047,108.796875,0.007,60.0,0.761578125
2048,107.75812500000002,0.007,60.0,0.7543068750000002
2049,108.85687500000002,0.007,60.0,0.7619981250000001
2050,108.800625,0.007,60.0,0.761604375
2051,108.860625,0.007,60.0,0.762024375
2052,105.271875,0.007,60.0,0.736903125
2053,87.860625,0.006,60.0,0.52716375
2054,108.800625,0.007,60.0,0.761604375
2055,108.34875,0.007,60.0,0.75844125
2056,108.20625,0.007,60.0,0.75744375
2057,82.201875,0.005,60.0,0.411009375
2058,108.20625,0.007,60.0,0.75744375
2059,108.06000000000002,0.007,60.0,0.7564200000000001
2060,108.13312500000002,0.007,60.0,0.7569318750000001
2061,78.81,0.005,60.0,0.39405
2062,108.136875,0.007,60.0,0.756958125
2063,108.13125,0.007,60.0,0.75691875
2064,108.136875,0.007,60.0,0.756958125
2065,86.233125,0.005,60.0,0.431165625
2066,108.13312500000002,0.007,60.0,0.7569318750000001
2067,108.05625,0.007,60.0,0.7563937500000001
2068,108.21,0.007,60.0,0.75747
2069,86.50500000000001,0.006,60.0,0.5190300000000001
2070,108.136875,0.007,60.0,0.756958125
2071,108.279375,0.007,60.0,0.757955625
2072,108.20625,0.008,60.0,0.86565
2073,86.22937499999999,0.006,60.0,0.51737625
2074,108.208125,0.007,60.0,0.757456875
2075,108.13312500000002,0.007,60.0,0.7569318750000001
2076,108.20625,0.007,60.0,0.75744375
2077,94.23375,0.006,60.0,0.5654025
2078,108.06000000000002,0.007,60.0,0.7564200000000001
2079,108.13312500000002,0.007,60.0,0.7569318750000001
2080,108.208125,0.007,60.0,0.757456875
2081,104.668125,0.007,60.0,0.732676875
2082,108.13312500000002,0.007,60.0,0.7569318750000001
2083,108.13125,0.007,60.0,0.75691875
2084,108.05812499999999,0.007,60.0,0.7564068749999999
2085,106.27875000000002,0.007,60.0,0.7439512500000002
2086,87.85875,0.005,60.0,0.43929375000000004
2087,108.12937500000001,0.007,60.0,0.7569056250000001
2088,108.06000000000002,0.007,60.0,0.7564200000000001
2089,108.05437499999998,0.007,60.0,0.7563806249999999
2090,85.11375000000001,0.005,60.0,0.42556875000000005
2091,108.915,0.008,60.0,0.8713200000000001
2092,107.06812499999998,0.007,60.0,0.7494768749999999
2093,106.87125,0.007,60.0,0.74809875
2094,78.81,0.005,60.0,0.39405
2095,108.13500000000002,0.007,60.0,0.7569450000000002
2096,108.20062500000002,0.007,60.0,0.7574043750000001
2097,108.2775,0.007,60.0,0.7579425000000001
2098,85.951875,0.006,60.0,0.5157112500000001
2099,108.13312500000002,0.007,60.0,0.7569318750000001
2100,105.15187499999999,0.007,60.0,0.7360631249999999
2101,105.03374999999998,0.007,60.0,0.7352362499999999
2102,85.95375,0.006,60.0,0.5157225
2103,108.20625,0.007,60.0,0.75744375
2104,108.05812499999999,0.008,60.0,0.8644649999999999
2105,108.13125,0.007,60.0,0.75691875
2106,86.22749999999999,0.006,60.0,0.517365
2107,108.05437499999998,0.007,60.0,0.7563806249999999
2108,108.13125,0.007,60.0,0.75691875
2109,108.13312500000002,0.007,60.0,0.7569318750000001
2110,85.674375,0.006,60.0,0.51404625
2111,108.13125,0.007,60.0,0.75691875
2112,104.79,0.007,60.0,0.73353
2113,106.77375000000002,0.007,60.0,0.7474162500000001
2114,107.74875,0.007,60.0,0.75424125
2115,108.05625,0.007,60.0,0.7563937500000001
2116,108.13125,0.007,60.0,0.75691875
2117,104.28,0.007,60.0,0.72996
2118,108.13500000000002,0.007,60.0,0.7569450000000002
2119,85.678125,0.005,60.0,0.42839062499999997
2120,108.13312500000002,0.007,60.0,0.7569318750000001
2121,108.20625,0.007,60.0,0.75744375
2122,108.05812499999999,0.007,60.0,0.7564068749999999
2123,86.23125,0.006,60.0,0.5173875
2124,108.13125,0.007,60.0,0.75691875
2125,108.13312500000002,0.007,60.0,0.7569318750000001
2126,108.20625,0.007,60.0,0.75744375
2127,84.82312499999999,0.006,60.0,0.50893875
2128,105.51000000000002,0.007,60.0,0.7385700000000002
2129,108.208125,0.007,60.0,0.757456875
2130,108.27562500000002,0.007,60.0,0.7579293750000001
2131,86.22749999999999,0.005,60.0,0.43113749999999995
2132,108.136875,0.007,60.0,0.756958125
2133,108.20625,0.007,60.0,0.75744375
2134,104.91187499999998,0.007,60.0,0.7343831249999999
2135,79.12875,0.005,60.0,0.39564375
2136,108.20625,0.007,60.0,0.75744375
2137,108.27562500000002,0.007,60.0,0.7579293750000001
2138,108.20250000000001,0.007,60.0,0.7574175000000001
2139,83.6775,0.005,60.0,0.41838749999999997
2140,105.0375,0.007,60.0,0.7352624999999999
2141,108.204375,0.007,60.0,0.757430625
2142,105.8475,0.007,60.0,0.7409325
2143,103.03874999999998,0.007,60.0,0.7212712499999999
2144,108.85687500000002,0.007,60.0,0.7619981250000001
2145,108.85687500000002,0.007,60.0,0.7619981250000001
2146,106.0575,0.007,60.0,0.7424025000000001
2147,108.27375000000002,0.007,60.0,0.7579162500000002
2148,108.13312500000002,0.007,60.0,0.7569318750000001
2149,108.279375,0.007,60.0,0.757955625
2150,105.38812500000002,0.007,60.0,0.7377168750000002
2151,108.208125,0.007,60.0,0.757456875
2152,80.990625,0.005,60.0,0.40495312499999997
2153,106.479375,0.007,60.0,0.7453556250000001
2154,108.13125,0.007,60.0,0.75691875
2155,108.20250000000001,0.007,60.0,0.7574175000000001
2156,78.81375,0.005,60.0,0.39406875
2157,108.136875,0.007,60.0,0.756958125
2158,108.27562500000002,0.008,60.0,0.8662050000000002
2159,105.27375000000002,0.007,60.0,0.7369162500000002
2160,78.81375,0.005,60.0,0.39406875
2161,108.204375,0.007,60.0,0.757430625
2162,108.204375,0.007,60.0,0.757430625
2163,108.208125,0.007,60.0,0.757456875
2164,85.94812499999999,0.006,60.0,0.5156887499999999
2165,105.61687499999998,0.007,60.0,0.7393181249999998
2166,108.204375,0.007,60.0,0.757430625
2167,107.24250000000002,0.007,60.0,0.7506975000000001
2168,86.503125,0.006,60.0,0.51901875
2169,108.20625,0.008,60.0,0.86565
2170,108.13125,0.007,60.0,0.75691875
2171,108.136875,0.007,60.0,0.756958125
2172,85.674375,0.006,60.0,0.51404625
2173,108.20625,0.007,60.0,0.75744375
2174,108.20625,0.007,60.0,0.75744375
2175,108.27562500000002,0.007,60.0,0.7579293750000001
2176,78.49312499999999,0.005,60.0,0.392465625
2177,108.13125,0.007,60.0,0.75691875
2178,107.05875,0.007,60.0,0.7494112500000001
2179,108.208125,0.007,60.0,0.757456875
2180,105.15375000000002,0.007,60.0,0.7360762500000001
2181,108.2775,0.007,60.0,0.7579425000000001
2182,108.20625,0.007,60.0,0.75744375
2183,108.20625,0.007,60.0,0.75744375
2184,108.13500000000002,0.007,60.0,0.7569450000000002
2185,86.22749999999999,0.006,60.0,0.517365
2186,105.15375000000002,0.007,60.0,0.7360762500000001
2187,105.2775,0.007,60.0,0.7369425000000001
2188,108.13312500000002,0.007,60.0,0.7569318750000001
2189,86.23125,0.006,60.0,0.5173875
2190,108.13312500000002,0.008,60.0,0.8650650000000002
2191,108.27375000000002,0.007,60.0,0.7579162500000002
2192,108.20625,0.007,60.0,0.75744375
2193,78.49499999999999,0.005,60.0,0.39247499999999996
2194,108.13312500000002,0.008,60.0,0.8650650000000002
2195,108.20625,0.007,60.0,0.75744375
2196,108.204375,0.007,60.0,0.757430625
2197,86.233125,0.006,60.0,0.51739875
2198,104.0175,0.007,60.0,0.7281225
2199,107.67375,0.007,60.0,0.75371625
2200,108.279375,0.007,60.0,0.757955625
2201,87.594375,0.006,60.0,0.52556625
2202,108.96937499999999,0.007,60.0,0.7627856249999999
2203,108.916875,0.007,60.0,0.7624181250000001
2204,108.916875,0.007,60.0,0.7624181250000001
2205,87.3225,0.006,60.0,0.523935
2206,108.916875,0.008,60.0,0.8713350000000001
2207,108.85875000000001,0.007,60.0,0.7620112500000001
2208,108.85875000000001,0.007,60.0,0.7620112500000001
2209,81.9,0.006,60.0,0.49140000000000006
2210,108.85875000000001,0.007,60.0,0.7620112500000001
2211,106.168125,0.007,60.0,0.7431768750000001
2212,108.796875,0.007,60.0,0.761578125
2213,108.85875000000001,0.008,60.0,0.8708700000000001
2214,108.913125,0.008,60.0,0.871305
2215,108.916875,0.007,60.0,0.7624181250000001
2216,108.916875,0.007,60.0,0.7624181250000001
2217,108.860625,0.007,60.0,0.762024375
2218,80.990625,0.005,60.0,0.40495312499999997
2219,107.15625,0.007,60.0,0.75009375
2220,108.85875000000001,0.007,60.0,0.7620112500000001
2221,108.675,0.008,60.0,0.8694
2222,90.69562499999999,0.006,60.0,0.54417375
2223,108.800625,0.008,60.0,0.870405
2224,108.853125,0.008,60.0,0.8708250000000001
2225,107.42437499999998,0.007,60.0,0.7519706249999999
2226,88.125,0.006,60.0,0.52875
2227,108.79875,0.008,60.0,0.87039
2228,108.97124999999998,0.007,60.0,0.7627987499999999
2229,106.96875,0.007,60.0,0.7487812500000001
2230,80.68312499999999,0.005,60.0,0.40341562499999994
2231,108.800625,0.007,60.0,0.761604375
2232,108.85687500000002,0.007,60.0,0.7619981250000001
2233,108.48375000000001,0.007,60.0,0.7593862500000002
2234,88.3875,0.006,60.0,0.530325
2235,108.85875000000001,0.007,60.0,0.7620112500000001
2236,106.58062499999998,0.007,60.0,0.7460643749999999
2237,108.73875000000001,0.007,60.0,0.7611712500000001
2238,80.685,0.005,60.0,0.40342500000000003
2239,108.733125,0.007,60.0,0.761131875
2240,108.85687500000002,0.007,60.0,0.7619981250000001
2241,108.85687500000002,0.007,60.0,0.7619981250000001
2242,80.686875,0.005,60.0,0.403434375
2243,106.17749999999998,0.007,60.0,0.7432424999999999
